"wknr_2021","wkname_2021","land","landid","wbmighintergrund_anteil","wbmighintergrund_absolut","mighintergrund_anteil","mighintergrund_absolut","wahlberechtigte","waehler","gueltige_1","gueltige_2","cdu_1","spd_1","linke_1","gruene_1","csu_1","fdp_1","afd_1","bevdichte","absolventen_hochschulreife","max1","max2","difference","vp","z","wk_gewinner_party","wk_gewinner_share","wk_gewinner_mh","wk_zweiter","wk_zweiter_party","wk_zweiter_share","wk_zweiter_mh","Quelle","Abgerufen.am","indicator_vp","mh_total"
1,"Flensburg – Schleswig","Schleswig-Holstein",1,0.0690103843808174,15921.9198722839,0.159004345536232,45403.8727760315,228471,171914,170318,170465,68120,47711,12144,17911,0,11147,10583,137.1,34.2,68120,47711,20409,-4487.08012771606,"Habeck Robert","Grüne","28,10",0,"Nicolaisen Petra","CDU","23,40",0,"","",0,0
2,"Nordfriesland – Dithmarschen Nord","Schleswig-Holstein",1,0.0550384819507599,11759.1319580078,0.138636037707329,35674.5862312317,186568,139194,137897,138071,62256,34685,7102,13026,0,11105,8117,84.6,26.8,62256,34685,27571,-15811.8680419922,"Damerow Astrid","CDU","30,40",0,"Jensen Jens Peter","SPD","27,80",0,"https://www.spdhusum.de/2021/07/30/fragen-an-jens-peter-jensen/","1.2.2023 10:38:00",0,0
3,"Steinburg – Dithmarschen Süd","Schleswig-Holstein",1,0.0570476725697517,9846.82526016235,0.110086016356945,23133.0439338684,176636,132017,130883,130878,54812,34219,7176,8791,0,14440,10006,110.5,32.4,54812,34219,20593,-10746.1747398376,"Helfrich Mark","CDU","29,20",0,"Dr Thissen Karin","SPD","29,20",0,"https://karin-thissen.de/#ueber-mich","1.2.2023 10:41:00",0,0
4,"Rendsburg-Eckernförde","Schleswig-Holstein",1,0.057185959070921,11548.5941734314,0.111669480800629,27013.76146698,200831,157354,156102,156267,66625,45070,8074,13978,0,10077,10656,116.4,35.8,66625,45070,21555,-10006.4058265686,"Rix Sönke","SPD","30,80",0,"Dr Wadephul Johann David","CDU","29,70",0,"","",0,0
5,"Kiel","Schleswig-Holstein",1,0.117607921361923,25380.7598342896,0.239554852247238,65205.7820892334,204650,153273,151679,152069,46560,46991,11114,21743,0,11363,9283,1879.2,42.5,46991,46560,431,24949.7598342896,"Stein Jens Mathias","SPD","29,50",0,"Amtsberg Luise ","Grüne","28,10",0,"","",1,0
6,"Plön – Neumünster","Schleswig-Holstein",1,0.0919066071510315,16841.1677742004,0.146712154150009,31985.0830459595,174937,131713,130489,130514,53109,37728,7009,11736,0,9379,10223,171.2,37,53109,37728,15381,1460.16777420044,"Dr Klinck Kristian","SPD ","31,40",0,"Bernstein Melanie","CDU","27,90",0,"","",0.9999,0
7,"Pinneberg","Schleswig-Holstein",1,0.107051946222782,26147.6867485046,0.21860146522522,68284.8912467957,238533,187715,186095,186372,73816,56460,11270,15379,0,14441,14729,475.9,38.3,73816,56460,17356,8791.68674850464,"Dr Stegner Ralf","SPD","31,20",0,"Dr von Abercron Ernst Michael","CDU","26,20",0,"","",1,0
8,"Segeberg – Stormarn-Mitte","Schleswig-Holstein",1,0.0735926106572151,18733.4900360107,0.150254026055336,47441.0948257446,247296,193280,191772,191945,78824,52434,10838,16004,0,15617,15682,240.5,37.7,78824,52434,26390,-7656.50996398926,"Bergt Bengt Axel","SPD","32,00",0,"Storjohann Gero","CDU","27,90",0,"","",0,0
9,"Ostholstein – Stormarn-Nord","Schleswig-Holstein",1,0.0349197126924992,6886.78233337402,0.0798724889755249,18286.3875274658,181522,138439,137289,137295,56996,42232,6062,9539,0,10047,10790,143.9,31.5,56996,42232,14764,-7877.21766662598,"Hagedorn Betti","SPD","33,70",0,"Gädechens Ingo Adolf Augustus","CDU","30,30",0,"","",0,0
10,"Herzogtum Lauenburg – Stormarn-Süd","Schleswig-Holstein",1,0.0938970819115639,24517.4402008057,0.161910697817802,51823.4369850159,244930,193334,191765,191971,75737,52171,9785,18688,0,15775,17435,236.8,41.6,75737,52171,23566,951.440200805664,"Dr Scheer Ni","SPD","31,00",0,"Dr Peters Thomas","CDU","26,60",0,"https://www.abgeordnetenwatch.de/profile/thomas-peters","1.2.2023 10:44:00",0.1166,0
11,"Lübeck","Schleswig-Holstein",1,0.0958816558122635,17066.181022644,0.232583269476891,53732.646938324,181638,130961,128733,129794,45432,43578,0,16785,0,8312,11137,580,38,45432,43578,1854,15212.181022644,"Klüssendorf Tim","SPD","34,10",0,"Dr Schmidtke Claudia","CDU","21,80",0,"","",1,0
12,"Schwerin – Ludwigslust-Parchim I – Nordwestmecklenburg I","Mecklenburg-Vorpommern",2,0.0325966253876686,7464.76296234131,0.0986950471997261,27412.9213275909,216800,157071,155102,155411,49733,34267,26655,5837,0,7470,24764,73.9,36.3,49733,34267,15466,-8001.23703765869,"Alabali-Radovan Reem","SPD","29,40",1,"Monstadt Dietrich","CDU","20,70",0,"","",0,1
13,"Ludwigslust-Parchim II – Nordwestmecklenburg II – Landkreis Rostock I","Mecklenburg-Vorpommern",2,0.0358703546226025,7013.79029273987,0.0779528617858887,18009.2543506622,205876,146768,144838,145111,43453,34705,23433,5858,0,8290,25262,63.3,33.4,43453,34705,8748,-1734.20970726013,"Junge Frank Michael","SPD","35,20",0,"Borchardt Simone","CDU","18,20",0,"","",0,0
14,"Rostock – Landkreis Rostock II","Mecklenburg-Vorpommern",2,0.036723654717207,8628.42205238342,0.0874928683042526,24114.3797740936,222913,164016,162239,162322,47923,29056,40202,8333,0,7368,23785,278,44.1,47923,40202,7721,907.422052383423,"Zschau Katrin","SPD","27,00",0,"Dr Bartsch Dietmar Gerhard","LINKE","18,20",0,"","",1,0
15,"Vorpommern-Rügen – Vorpommern-Greifswald I","Mecklenburg-Vorpommern",2,0.0174322910606861,4360.14799499512,0.0666831806302071,19673.6267967224,240887,169528,167662,167412,73746,19515,26650,5081,0,5229,32173,84.7,30,73746,32173,41573,-37212.8520050049,"Kassautzki An Kathari","SPD","24,30",0,"Günther Georg","CDU","20,40",0,"https://www.georgguenther.de/leben/","1.2.2023 10:45:00",0,0
16,"Mecklenburgische Seenplatte I – Vorpommern-Greifswald II","Mecklenburg-Vorpommern",2,0.0211952663958073,4836.09220695496,0.051237128674984,13631.913225174,226039,156965,154628,154813,48269,21493,29462,3898,0,8909,36273,53.8,34.5,48269,36273,11996,-7159.90779304504,"von Malottki Erik","SPD","24,80",0,"Komning Enrico","AfD","24,30",0,"","",0,0
17,"Mecklenburgische Seenplatte II – Landkreis Rostock III","Mecklenburg-Vorpommern",2,0.0210412051528692,4436.61563301086,0.0543418824672699,13455.5575370789,212099,144239,142376,142441,53538,22401,24728,4739,0,6633,26199,40,34.8,53538,26199,27339,-22902.3843669891,"Arlt Johannes","SPD","31,10",0,"Schielke-Ziesing Ulrike","AfD","21,60",0,"","",0,0
18,"Hamburg-Mitte","Hamburg",3,0.204738761109907,53113.046471902,0.418622799234226,149629.105384069,243543,175731,174015,174293,42149,53795,24083,22368,0,11202,12728,3043.7,53.9,53795,42149,11646,41467.046471902,"Droßmann Falko","SPD ","33,20",0,"Muja Manuel","Grüne","26,00",0,"https://hafencityzeitung.com/wir-brauchen-jetzt-einen-generationswechsel/","1.2.2023 10:48:00",1,0
19,"Hamburg-Altona","Hamburg",3,0.145571137486402,28078.3517091402,0.297644650831674,79101.820098391,185944,146090,144929,145226,37575,41947,19704,20817,0,12482,7425,3438.8,53.9,41947,37575,4372,23706.3517091402,"Heitmann Linda","Grüne","29,70",0,"Dr Bartke Matthias","SPD","28,60",0,"","",1,0
20,"Hamburg-Eimsbüttel","Hamburg",3,0.123970259020678,23233.5352234313,0.253478025224394,65453.0914966508,192399,156013,154730,155203,44416,48920,16123,23220,0,10537,8777,5225.5,53.9,48920,44416,4504,18729.5352234313,"Dr Steffen Till Bejamin","Grüne","29,80",0,"Annen Niels","SPD","29,60",1,"","",1,1
21,"Hamburg-Nord","Hamburg",3,0.102369380554954,21315.3262593621,0.209311399617113,60049.1482040135,217226,178760,177363,177874,59441,54695,13277,24065,0,14911,9701,2514.4,53.9,59441,54695,4746,16569.3262593621,"Martin Dorothee Katja Julia","SPD","30,70",0,"Beck Kathari Barbara Maria","Grüne","25,70",0,"","",1,0
22,"Hamburg-Wandsbek","Hamburg",3,0.13899695708379,32714.7671786596,0.284202634342502,92163.4451599483,235513,172574,170867,171301,50822,59086,15673,12112,0,12007,16208,4149.9,53.9,59086,50822,8264,24450.7671786596,"Özoğuz Saliha Aydan","SPD","38,70",1,"Hoppermann Franziska Christi Brigitte ","CDU","19,20",0,"","",1,1
23,"Hamburg-Bergedorf – Harburg","Hamburg",3,0.195347074820462,48199.7335353886,0.399419918535408,135787.409830954,222031,155758,153768,154221,43274,53446,16382,11903,0,8039,16688,1087.1,53.9,53446,43274,10172,38027.7335353886,"Hakverdi Metin","SPD","39,30",1,"Schneider Uwe Günther","CDU","16,90",0,"Annahme durch Namen","",1,1
24,"Aurich – Emden","Niedersachsen",4,0.0496907755732536,9799.37211227417,0.124900877475739,30074.7643432617,191541,142676,139584,141071,38531,69231,9403,9787,0,6882,0,171.2,30.9,69231,38531,30700,-20900.6278877258,"Saathoff Johann","SPD","52,80",0,"Dr Kleen Joachim Lübbo","CDU","17,70",0,"https://www.abgeordnetenwatch.de/profile/joachim-kleen","1.2.2023 10:54:00",0,0
25,"Unterems","Niedersachsen",4,0.105226427316666,25256.7789573669,0.24483223259449,79179.0629882812,235234,176342,174789,174952,87406,48959,7726,8255,0,7758,13387,123.7,25.4,87406,48959,38447,-13190.2210426331,"Connemann Gitta","CDU","44,40",1,"Troff-Schaffarzyk Anja","SPD","28,50",0,"","",0,1
26,"Friesland – Wilhelmshaven – Wittmund","Niedersachsen",4,0.0665573999285698,12702.8297424316,0.135942742228508,31477.3894424438,189344,139153,137343,137596,44537,54504,8127,7542,0,8074,11392,168.7,29.5,54504,44537,9967,2735.82974243164,"Möller Siemtje ","SPD","45,40",0,"Janssen Anne","CDU","22,00",0,"","",1,0
27,"Oldenburg – Ammerland","Niedersachsen",4,0.0738943591713905,17797.0721702576,0.15583024919033,45649.634262085,226253,175967,174170,174681,52598,63235,14081,19827,0,10635,11592,352.6,41.6,63235,52598,10637,7160.07217025757,"Rohde Dennis","SPD","38,20",0,"Menge Susanne","Grüne","20,40",0,"","",1,0
28,"Delmenhorst – Wesermarsch – Oldenburg-Land","Niedersachsen",4,0.11231941729784,26839.2337799072,0.206317514181137,61611.2717132568,227696,170194,168228,168819,57390,55326,10262,12933,0,15208,15122,152.2,24.4,57390,55326,2064,24775.2337799072,"Mittag Susanne ","SPD","36,70",0,"Albrecht Philipp","CDU","24,90",0,"https://www.abgeordnetenwatch.de/profile/philipp-albrecht","1.2.2023 10:55:00",1,0
29,"Cuxhaven – Stade II","Niedersachsen",4,0.0652873888611794,12636.8358039856,0.138469696044922,32896.464176178,187679,141726,140293,140719,59930,43077,8121,8491,0,6984,11862,91.2,24.7,59930,43077,16853,-4216.1641960144,"Schneider Daniel Dominik","SPD","36,80",0,"Ferlemann Ek Matthias","CDU","30,10",0,"","",0,0
30,"Stade I – Rotenburg II","Niedersachsen",4,0.109796352684498,21826.540813446,0.197422012686729,49705.4167556763,197297,153044,151852,152195,67463,42829,7994,10613,0,8797,12590,129.9,30.3,67463,42829,24634,-2807.45918655396,"Grundmann Oliver Klaus","CDU","34,60",0,"Köser Kai","SPD","31,70",0,"https://www.spd-stade.de/personen/kai-koeser/","1.2.2023 10:57:00",0,0
31,"Mittelems","Niedersachsen",4,0.0956777185201645,22214.9702758789,0.210063919425011,63527.0055465698,230151,179811,178624,178852,95815,47107,6813,8900,0,10089,8949,133.2,27.1,95815,47107,48708,-26493.0297241211,"Stegemann Albert","CDU","40,50",0,"DeRidder Daniela","SPD","29,20",1,"","",0,1
32,"Cloppenburg – Vechta","Niedersachsen",4,0.177173033356667,41121.1443023682,0.299509763717651,93501.2834262848,220042,163669,162119,162516,93545,32997,6640,7034,0,8306,12683,140.3,23.3,93545,32997,60548,-19426.8556976318,"Breher Silvia Maria","CDU","49,10",0,"Bartz Alexander","SPD","20,70",0,"","",0,0
33,"Diepholz – Nienburg I","Niedersachsen",4,0.0819204226136208,15625.0427055359,0.170485720038414,39897.1690940857,193934,148298,146818,147278,65465,40102,7759,11252,0,10285,11955,99.5,29.2,65465,40102,25363,-9737.95729446411,"Knoerig Axel","CDU","33,80",0,"Schierenbeck Peggy","SPD","31,90",0,"","",0,0
34,"Osterholz – Verden","Niedersachsen",4,0.0768137350678444,15204.3725967407,0.16765758395195,41463.0413780212,196136,153036,151768,151798,59560,48505,10714,10146,0,8273,12995,174.1,35.8,59560,48505,11055,4149.37259674072,"Mattfeld Andreas","CDU","33,70",0,"Harjes Michael","SPD ","32,50",0,"https://www.spd-ritterhude.de/personen/michael-harjes/","1.2.2023 10:58:00",1,0
35,"Rotenburg I – Heidekreis","Niedersachsen",4,0.0953871086239815,16432.9212341309,0.182168066501617,38716.9012908936,168101,127071,126097,126104,45510,51938,5219,6053,0,5659,10331,78.9,30,51938,45510,6428,10004.9212341309,"Klingbeil Lars","SPD","47,60",0,"Büttinghaus Carsten ","CDU","26,40",0,"https://www.abgeordnetenwatch.de/profile/carsten-buettinghaus","1.2.2023 10:58:00",1,0
36,"Harburg","Niedersachsen",4,0.087746761739254,17272.7549705505,0.188278540968895,47205.9631729126,199081,161837,160512,160855,65223,44017,8638,14565,0,10458,14826,203.8,39.8,65223,44017,21206,-3933.24502944946,"Stadler Svenja","SPD","31,00",0,"Grosse-Brömer Michael","CDU","29,10",0,"","",0,0
37,"Lüchow-Dannenberg – Lüneburg","Niedersachsen",4,0.0717610791325569,13501.9907226562,0.144433200359344,33390.7146682739,180865,141000,139618,140139,46740,39169,11729,20604,0,9245,12131,91,36.8,46740,39169,7571,5930.99072265625,"Blankenburg Jakob","SPD","28,20",0,"Verlinden Julia","Grüne","25,10",0,"","",1,0
38,"Osnabrück-Land","Niedersachsen",4,0.166925549507141,33910.8549880981,0.254631757736206,65067.9109458923,199131,151302,150076,150195,68379,42438,7908,11613,0,9576,9934,138.3,24,68379,42438,25941,7969.85498809814,"Dr Berghegger Andre","CDU","36,20",0,"Hennig Anke","SPD","29,70",0,"","",1,0
39,"Stadt Osnabrück","Niedersachsen",4,0.144945576786995,31055.3478775024,0.227232217788696,59472.1863136292,196720,152107,149408,151169,60185,47279,12521,15108,0,13353,0,794.2,38.2,60185,47279,12906,18149.3478775024,"Gava Manuel","SPD","30,30",1,"Middelberg Mathias","CDU","29,20",0,"","",1,1
40,"Nienburg II – Schaumburg","Niedersachsen",4,0.0959078520536423,19104.0453529358,0.195690110325813,48575.845451355,194800,146673,145477,145654,59128,47615,6530,11206,0,6539,13292,157.5,36.6,59128,47615,11513,7591.04535293579,"Völlers Marja-Liisa","SPD","35,30",0,"Beermann Maik","CDU","30,90",0,"","",1,0
41,"Stadt Hannover I","Niedersachsen",4,0.203684854841615,38902.6395529487,0.3663009551857,95238.4124962662,179883,134805,133415,133849,39487,47549,9579,12102,0,8734,11364,2303.8,40.9,47549,39487,8062,30840.6395529487,"Ahmetovic Adis","SPD","34,90",1,"Michaelsen Swantje Henrike","Grüne","21,80",0,"","",1,1
42,"Stadt Hannover II","Niedersachsen",4,0.20032741217939,40718.0007363579,0.360263027352968,99682.6383689071,193433,149031,147624,148091,42713,49744,13775,16486,0,8165,10590,3028.6,40.9,49744,42713,7031,33687.0007363579,"Fahimi Yasmin","SPD","32,90",1,"Kindler Sven-Christian","Grüne","26,50",0,"","",1,1
43,"Hannover-Land I","Niedersachsen",4,0.126519381999969,30350.9439849854,0.237617537379265,72732.1006011963,232926,181650,180096,180376,72282,59552,8958,10725,0,9325,17217,269.8,40.9,72282,59552,12730,17620.9439849854,"Schamber Rebecca","SPD","33,70",0,"Dr Hoppenstedt Hendrik","CDU","31,90",0,"","",1,0
44,"Celle – Uelzen","Niedersachsen",4,0.111756891012192,23880.0280799866,0.18549294769764,49213.2300758362,214612,162145,160796,161006,68655,48189,7901,9266,0,8830,16199,90.1,27.6,68655,48189,20466,3414.02807998657,"Otte Henning","CDU","32,90",0,"Mende Dirk-Ulrich","SPD","32,30",0,"https://www.spdfraktion.de/abgeordnete/mende","1.2.2023 10:59:00",1,0
45,"Gifhorn – Peine","Niedersachsen",4,0.116002008318901,26209.3545303345,0.197033554315567,54827.9362030029,218556,168861,167373,167573,60345,63294,8827,9342,0,8062,16501,156.5,36.8,63294,60345,2949,23260.3545303345,"Heil Wolfgang-Hubertus","SPD","43,70",0,"Pahlmann Ingrid","CDU","24,40",0,"","",1,0
46,"Hameln-Pyrmont – Holzminden","Niedersachsen",4,0.145847126841545,27219.448387146,0.243479952216148,55838.5838356018,187377,139780,138469,138673,46181,54130,8220,7511,0,8034,13143,131,29.2,54130,46181,7949,19270.448387146,"Schraps Johannes ","SPD","43,20",0,"Wulf Mareike Lotte","CDU","25,50",0,"","",1,0
47,"Hannover-Land II","Niedersachsen",4,0.118262074887753,27547.1012992859,0.245882198214531,74878.0145530701,239923,188495,186766,187016,65815,69104,10124,10693,0,10092,17570,327.8,40.9,69104,65815,3289,24258.1012992859,"Dr Miersch Matthias","SPD","40,70",0,"Kuban Tilman Moritz","CDU","25,50",0,"","",1,0
48,"Hildesheim","Niedersachsen",4,0.119112960994244,25347.8159637451,0.206756427884102,54090.5973167419,218349,169613,167861,168297,60457,62448,8502,12691,0,9330,14433,228.3,35.7,62448,60457,1991,23356.8159637451,"Westphal Bernd Helmut","SPD","38,70",0,"Bertam Ute","CDU","25,80",0,"","",1,0
49,"Salzgitter – Wolfenbüttel","Niedersachsen",4,0.0945855304598808,19225.9102401733,0.229296445846558,60086.9104499817,206133,157046,155479,155719,45310,66587,9290,6680,0,7268,18564,215,30,66587,45310,21277,-2051.08975982666,"Kreiser Dunja","SPD","38,60",0,"Bormann Holger","CDU","27,20",0,"https://www.holger-bormann.de/ueber-mich/","1.2.2023 11:01:00",0,0
50,"Braunschweig","Niedersachsen",4,0.141463622450829,28343.6607398987,0.253975301980972,63427.125629425,192041,147712,146350,146657,45881,55641,11145,11761,0,7877,11377,1294.3,51.2,55641,45881,9760,18583.6607398987,"Dr Pantazis Christos","SPD","36,70",1,"Müller Carsten","CDU","22,40",0,"","",1,1
51,"Helmstedt – Wolfsburg","Niedersachsen",4,0.17889566719532,32415.7249755859,0.26685294508934,60803.562171936,183961,137303,135832,136012,47416,51646,8128,6096,0,7791,13857,207.8,40.8,51646,47416,4230,28185.7249755859,"Mohrs Falko","SPD","42,10",0,"Weber Andreas","CDU","26,60",0,"https://www1.wdr.de/kandidatencheck/2021/ndr-bundestagswahl/video/video-andreas-weber-cdu-helmstedt--wolfsburg-bundestagswahl-100.html","1.2.2023 11:05:00",1,0
52,"Goslar – Northeim – Osterode","Niedersachsen",4,0.0977318063378334,18903.8594245911,0.18108657002449,43049.519115448,202963,150977,149372,149790,59391,51953,8525,8128,0,7438,13937,117.8,34.5,59391,51953,7438,11465.8594245911,"Heiligenstadt Frauke","SPD","36,70",0,"Dr Kühne Roy","CDU","33,20",0,"","",1,0
53,"Göttingen","Niedersachsen",4,0.103231988847256,12131.1330032349,0.179288551211357,25355.8273963928,220420,170547,169108,169324,56250,59032,9905,19131,0,7734,11870,225.1,40.5,59032,56250,2782,9349.13300323486,"Dr Philippi Andreas","SPD","32,20",0,"Güntzler Fritz","CDU","26,90",0,"","",1,0
54,"Bremen I","Bremen",5,0.140261533412318,30165.3900625218,0.3029042554061,89671.9807362902,252496,188064,185437,186376,44912,55656,22666,22117,0,20702,14290,2312,36.1,55656,44912,10744,19421.3900625218,"Ryglewski Sarah Jani","SPD","30,20",0,"Dr Kappert-Gonther Kirsten","Grüne","21,50",0,"","",1,0
55,"Bremen II – Bremerhaven","Bremen",5,0.0988639763731717,48608.5291097652,0.203984070342975,138333.038091148,221655,147855,145606,145947,36363,49463,16739,11269,0,9755,16645,1223.8,36,49463,36363,13100,35508.5291097652,"Schmidt Uwe ","SPD","36,90",0,"Winter Wiebke","CDU","20,10",0,"https://www.wiebke-winter.de/ueber-mich/","1.2.2023 11:06:00",1,0
56,"Prignitz – Ostprignitz-Ruppin – Havelland I","Brandenburg",6,0.0152709251269698,2726.18433761597,0.0531397648155689,10972.153175354,176002,120228,118415,118408,36481,28061,20849,3547,0,4226,21296,36.8,35.7,36481,28061,8420,-5693.81566238403,"Papenbrock Wiebke","SPD","33,00",0,"Dr Kaufner Dominik","AfD","19,70",0,"https://dominikkaufner.de/zur-person","1.2.2023 11:08:00",0,0
57,"Uckermark – Barnim I","Brandenburg",6,0.0235788747668266,4406.68285751343,0.0693786069750786,15257.457660675,184716,129870,127876,128013,39102,24843,23589,4714,0,4859,25804,51.9,33.4,39102,25804,13298,-8891.31714248657,"Zierke Stefan","SPD","26,90",0,"Guck Hannes","AfD","20,30",0,"","",0,0
58,"Oberhavel – Havelland II","Brandenburg",6,0.038853295147419,9969.58396530151,0.0799237936735153,24413.7227668762,243108,185012,182290,182610,54455,41423,26839,9685,0,9514,32762,138.3,43.2,54455,41423,13032,-3062.41603469849,"Fäscher Ariane","SPD","26,30",0,"Feiler Uwe","CDU","20,80",0,"","",0,0
59,"Märkisch-Oderland – Barnim II","Brandenburg",6,0.0313779935240746,7084.64945602417,0.0643559992313385,17154.7945022583,226424,170039,167605,167696,47594,26526,37721,8972,0,7111,33915,113.4,33.3,47594,37721,9873,-2788.35054397583,"Koß Simo","SPD","24,80",0,"Dr Buder Sabine","CDU","23,40",0,"Annahme durch Namen","",0,0
60,"Brandenburg an der Havel – Potsdam-Mittelmark I – Havelland III – Teltow-Fläming I","Brandenburg",6,0.019603606313467,4043.89395141602,0.0638530850410461,15447.4750480652,203983,143883,141429,141792,45181,35202,21110,5184,0,6776,23504,76.1,45.1,45181,35202,9979,-5935.10604858398,"Eichwede Sonja Kathari","SPD","32,10",0,"Dr Tiemann Dietlind","CDU","20,10",0,"","",0,0
61,"Potsdam – Potsdam-Mittelmark II – Teltow-Fläming II","Brandenburg",6,0.0403503403067589,9389.31288528442,0.115148432552814,33604.3184089661,226640,179977,177879,178222,42905,46934,29768,14658,0,13412,21698,544.2,53,46934,42905,4029,5360.31288528442,"Scholz Olaf","SPD","34,00",0,"Baerbock Anle","Grüne","18,80",0,"","",1,0
62,"Dahme-Spreewald – Teltow-Fläming III – Oberspreewald-Lausitz I","Brandenburg",6,0.03827203810215,9729.37378311157,0.0929387360811234,28188.4464225769,248708,187607,184378,184910,56607,36148,30278,8127,0,8910,37358,77.3,38.6,56607,37358,19249,-9519.62621688843,"Lehmann Sylvia","SPD","26,50",0,"Schimke Ja","CDU","19,90",0,"","",0,0
63,"Frankfurt (Oder) – Oder-Spree","Brandenburg",6,0.0317278392612934,6278.29346084595,0.0848757475614548,19945.7290534973,194759,140051,137959,137998,37344,23598,26401,4504,0,7008,30261,98.4,37.7,37344,30261,7083,-804.706539154053,"Papendieck Mathias","SPD","28,00",0,"Möller Wilko","AfD","21,50",0,"https://de.wikipedia.org/wiki/Wilko_M%C3%B6ller","1.2.2023 11:12:00",3e-04,0
64,"Cottbus – Spree-Neiße","Brandenburg",6,0.0194457471370697,3512.61205291748,0.0850820317864418,18223.1495742798,178676,132113,129723,130028,36855,22019,20359,4319,0,7426,32776,117.1,42.7,36855,32776,4079,-566.38794708252,"Wallstein Maja","SPD","27,60",0,"Münschke Daniel","AfD","25,70",NA,"","",0.0349,NA
65,"Elbe-Elster – Oberspreewald-Lausitz II","Brandenburg",6,0.00910796597599983,1517.86907958984,0.0379148535430431,7324.45599365234,168543,123365,120848,121154,35633,20142,19583,3543,0,6492,29830,65.4,29.9,35633,29830,5803,-4285.13092041016,"Walter Hannes","SPD","25,40",0,"Wolf Silvio","AfD","25,00",NA,"","",0,NA
66,"Altmark","Sachsen-Anhalt",7,0.021242568269372,3550.80605316162,0.0626729726791382,12254.9493751526,165625,111193,109455,109863,35644,20900,20973,3738,0,7388,18031,41.2,27.6,35644,20973,14671,-11120.1939468384,"Dr Wollmann Herbert","SPD","27,50",0,"Harms Uwe","CDU","21,80",0,"http://www.harms-cdu.de/cms/index.php?id=2","1.2.2023 11:17:00",0,0
67,"Börde – Jerichower Land","Sachsen-Anhalt",7,0.016175540164113,3606.30556488037,0.0487298555672169,12626.9069862366,220786,150499,145948,148088,55110,29174,29616,3540,0,11080,0,66.1,27,55110,29616,25494,-21887.6944351196,"Dr Kersten Franziska","SPD","26,20",0,"Weber Gerry ","CDU","25,00",0,"https://www.gerryweber-cdu.com/","1.2.2023 13:07:00",0,0
68,"Harz","Sachsen-Anhalt",7,0.0223125629127026,4863.23558044434,0.0428952276706696,10707.2255058289,215607,143567,141128,141531,51386,24767,27104,4462,0,6923,22792,106.1,30,51386,27104,24282,-19418.7644195557,"Brehmer Heike","CDU","27,70",0,"Berger Maik","SPD","25,40",NA,"","",0,NA
69,"Magdeburg","Sachsen-Anhalt",7,0.032731294631958,7528.86351394653,0.131652921438217,37575.2695426941,238060,162894,160556,160777,44021,34877,30299,6417,0,10796,24509,496.5,34.6,44021,34877,9144,-1615.13648605347,"Kröber Martin","SPD","25,30",0,"Sorge Tino","CDU","22,00",0,"","",0,0
70,"Dessau – Wittenberg","Sachsen-Anhalt",7,0.0210621133446693,3775.79058456421,0.0733650326728821,15403.4362373352,177005,123466,121399,121744,42781,14806,22086,5607,0,6051,23520,94.3,30.1,42781,23520,19261,-15485.2094154358,"Müller Sepp","CDU","34,30",0,"Schneider Leord ","SPD","19,50",0,"https://www.mz.de/lokal/dessau-rosslau/leonard-schneider-ist-20-jahriger-spd-direktkandidat-fur-den-bundestag-und-sieht-genau-jetzt-seine-chance-3238631","1.2.2023 13:14:00",0,0
71,"Anhalt","Sachsen-Anhalt",7,0.0189273972064257,4241.40186691284,0.0561455227434635,14404.5450172424,224401,147946,145192,145539,45843,18687,30757,2854,0,9213,32281,114.2,25.7,45843,32281,13562,-9320.59813308716,"Ziegler Kay-Uwe","AfD","24,20",0,"Wyszkowski Frank","CDU","23,50",NA,"","",0,NA
72,"Halle","Sachsen-Anhalt",7,0.0268155094236135,5927.10623168945,0.113974042236805,31032.3246536255,214668,152467,150275,150294,40690,32053,30530,5475,0,10131,26018,657.2,34.6,40690,32053,8637,-2709.89376831055,"Dr Diaby Karamba","SPD","28,80",1,"Bernstiel Christoph","CDU","20,70",0,"","",0,1
73,"Burgenland – Saalekreis","Sachsen-Anhalt",7,0.0169818308204412,3251.06568527222,0.054162684828043,12239.2958106995,191636,131219,128915,129212,43254,16930,21819,3198,0,8538,30112,131.8,30.7,43254,30112,13142,-9890.93431472778,"Stier Dieter","CDU","26,30",0,"Reichardt Martin","AfD","26,00",0,"","",0,0
74,"Mansfeld","Sachsen-Anhalt",7,0.0214812345802784,4432.30380630493,0.0437982194125652,10248.1257629395,207103,140223,137657,137932,42725,20864,24863,3647,0,11091,32864,103.4,23.7,42725,32864,9861,-5428.69619369507,"Farle Robert","AfD","25,10",0,"Schweiger Torsten","CDU","24,90",0,"","",0,0
75,"Berlin-Mitte","Berlin",8,0.203019115599008,53602.0881417438,0.511536358029132,189767.429841179,206706,151412,149071,149443,27654,35036,30492,26781,0,9017,11782,9579.8,44.4,35036,30492,4544,49058.0881417438,"Steinmüller Han","Grüne","30,50",0,"Klose Annika","SPD","22,70",0,"","",1,0
76,"Berlin-Pankow","Berlin",8,0.0785677691946625,18127.5017074901,0.197962986853379,64176.779818266,237071,188499,186313,186652,36429,30509,53618,26376,0,7890,22487,3409.9,44.4,53618,36429,17189,938.50170749013,"Gelbhaar Stefan","Grüne","25,50",0,"Mindrup Klaus","SPD","21,50",0,"","",0.9997,0
77,"Berlin-Reinickendorf","Berlin",8,0.110623419026085,20137.1150077587,0.278731885489558,71291.4121803143,182398,137240,134860,135105,49654,31882,10384,10647,0,9688,17738,2913.5,44.4,49654,31882,17772,2365.11500775869,"Grütters Monika","CDU","27,20",0,"Einstmann Torsten","SPD","25,80",0,"https://torsten-einstmann.spd.de/ueber-mich/","1.2.2023 13:17:00",1,0
78,"Berlin-Spandau – Charlottenburg Nord","Berlin",8,0.126336972865017,24040.4311304282,0.318324482860234,85110.3191321829,184608,133009,130574,130747,40372,41965,9861,8031,0,8292,17551,2734.2,44.4,41965,40372,1593,22447.4311304282,"Kleebank Helmut","SPD","32,80",0,"Chialo Joe","CDU","23,50",1,"","",1,1
79,"Berlin-Steglitz-Zehlendorf","Berlin",8,0.087995901498022,18092.7637418166,0.221718545275785,64053.797026134,221210,180720,178373,178957,63085,43801,13392,22712,0,16159,14549,2865.8,44.4,63085,43801,19284,-1191.23625818341,"Heilmann Thomas","CDU","28,00",0,"Stüwe Ruppert","SPD","24,90",0,"","",0,0
80,"Berlin-Charlottenburg-Wilmersdorf","Berlin",8,0.150850116853752,30193.0085444052,0.380088934758488,106892.28403739,198672,158034,156114,156647,47077,43123,14745,21286,0,14426,11722,5011.3,44.4,47077,43123,3954,26239.0085444052,"Müller Rainer Michael","SPD","27,90",0,"Paus Elisabeth Maria","Grüne","24,40",0,"","",1,0
81,"Berlin-Tempelhof-Schöneberg","Berlin",8,0.120680093483002,29008.9276081303,0.30407114780679,102700.283244313,235250,181159,178666,179081,51708,39380,19356,33763,0,11362,16188,6476.2,44.4,51708,39380,12328,16680.9276081303,"Kühnert Kevin","SPD","27,10",0,"Küst Rete Elly","Grüne","25,10",0,"","",1,0
82,"Berlin-Neukölln","Berlin",8,0.152107201160867,34169.0545344468,0.383256342548142,120968.676480634,202618,143553,141105,141413,34593,37777,23204,15480,0,7255,15105,7146.3,44.4,37777,34593,3184,30985.0545344468,"Demir Hakan","SPD","26,00",1,"Audretsch Andreas","Grüne","19,80",0,"","",1,1
83,"Berlin-Friedrichshain-Kreuzberg – Prenzlauer Berg Ost","Berlin",8,0.153364285467981,37981.3483926299,0.386423750337796,134465.337382233,223427,173289,171349,171744,20955,29028,42600,45055,0,5263,10558,13153.3,44.4,45055,42600,2455,35526.3483926299,"Bayram Can","Grüne","37,90",1,"Meiser Pascal","LINKE","17,70",0,"","",1,1
84,"Berlin-Treptow-Köpenick","Berlin",8,0.0597115045879435,11324.7966701165,0.150451870008568,40093.1686071445,205106,157111,155192,155188,29384,21379,61881,7755,0,5831,23245,1616.1,44.4,61881,29384,32497,-21172.2033298835,"Gysi Gregor","LINKE","35,40",0,"Trasnea A-Maria","SPD","15,40",1,"","",0,1
85,"Berlin-Marzahn-Hellersdorf","Berlin",8,0.0672540104306311,12712.9521616963,0.169456316746493,45007.6543853927,200704,138992,136785,136939,30480,17172,46782,4440,0,4852,28167,4371.3,44.4,46782,30480,16302,-3589.0478383037,"Czaja Mario","CDU","29,40",0,"Pau Petra Angelika","LINKE","21,90",0,"","",0,0
86,"Berlin-Lichtenberg","Berlin",8,0.103709455336955,21047.9092900322,0.26131114264646,74515.8964504798,205300,149116,147072,147126,28905,20720,51249,8609,0,5018,23119,5566.2,44.4,51249,28905,22344,-1296.09070996783,"Dr Lötzsch Gesine","LINKE","25,80",0,"Dr Ingenbleek Anja Sigrid","SPD","19,60",0,"https://anja-ingenbleek.spd.de/ueber-mich/","1.2.2023 13:19:00",0,0
87,"Aachen I","Nordrhein-Westfalen",9,0.173893883824348,31695.5475463867,0.336881250143051,82190.3713989258,179273,140624,139357,139801,47011,45309,12282,13104,0,10232,7817,1547.8,44,47011,45309,1702,29993.5475463867,"Krischer Oliver ","Grüne","30,20",0,"Henke Rudolf","CDU","25,60",0,"","",1,0
88,"Aachen II","Nordrhein-Westfalen",9,0.118171639740467,27644.4981269836,0.253831505775452,77520.831199646,228248,173149,171176,171607,62405,63135,8785,7782,0,11038,15114,564.2,44,63135,62405,730,26914.4981269836,"Moll Claudia","SPD","34,50",0,"Dos Santos Firnhaber Catari","CDU","32,50",1,"","",1,1
89,"Heinsberg","Nordrhein-Westfalen",9,0.126346364617348,24595.9774665832,0.237371176481247,59297.200012207,190051,142330,140604,140890,64121,39301,6424,6964,0,9334,11652,407,36.7,64121,39301,24820,-224.022533416752,"Oellers Wilfried","CDU","39,70",0,"Spinrath Norbert","SPD","25,90",0,"","",0.3123,0
90,"Düren","Nordrhein-Westfalen",9,0.113822594285011,23929.7586174011,0.203851386904716,52897.5736236572,199675,151595,149838,150134,62711,47543,6611,8235,0,8788,13404,281.1,40,62711,47543,15168,8761.75861740112,"Rachel Thomas Walther","CDU","36,70",0,"Nietan Dietmar Heinrich","SPD","30,80",0,"","",1,0
91,"Rhein-Erft-Kreis I","Nordrhein-Westfalen",9,0.151235088706017,38778.8136787415,0.28722420334816,97253.3724708557,248982,191505,189339,189868,74207,58792,8590,10354,0,17648,17113,647.5,39.8,74207,58792,15415,23363.8136787415,"Dr Kippels Georg","CDU","33,00",0,"Spielmanns Aaron Luca","SPD","30,50",NA,"","",1,NA
92,"Euskirchen – Rhein-Erft-Kreis II","Nordrhein-Westfalen",9,0.109357267618179,26860.3783073425,0.22550530731678,70882.6210250854,246753,187796,185575,186196,79493,48592,10835,10689,0,18316,17650,227,40.1,79493,48592,30901,-4040.62169265747,"Seif Detlef","CDU","34,60",0,"Andres Dagmar","SPD","26,70",0,"","",0,0
93,"Köln I","Nordrhein-Westfalen",9,0.203574280247011,36274.1696024402,0.436775064726207,111088.932203116,192574,139718,138196,138631,43683,42799,11898,13535,0,10652,11952,2318.6,43.1,43683,42799,884,35390.1696024402,"Abdi Sae","SPD","27,90",1,"Friede Lisa-Marie","Grüne","23,90",0,"https://www.lisa-marie-friede.de/","1.2.2023 13:21:00",1,1
94,"Köln II","Nordrhein-Westfalen",9,0.130358968930104,25819.5139250721,0.279689295833448,79071.7544571105,240985,197979,196761,197078,68657,52880,15704,28716,0,17816,9057,3258.2,43.1,68657,52880,15777,10042.5139250721,"Lehmann Sven","Grüne","34,60",0,"Dr von Möller Sandra","CDU","25,00",0,"https://sandravonmoeller.de/wp-content/uploads/2021/02/Vita_SvM.pdf","1.2.2023 13:25:00",1,0
95,"Köln III","Nordrhein-Westfalen",9,0.177681060391032,32947.6153504243,0.381220341581207,100901.425119636,203647,150629,149098,149525,41106,48148,14431,19621,0,10599,11249,2519.6,43.1,48148,41106,7042,25905.6153504243,"Dr Mützenich Rolf Heinrich","SPD","29,90",0,"Dröge Kathari","Grüne","28,30",0,"","",1,0
96,"Bonn","Nordrhein-Westfalen",9,0.1861372590065,42863.0438156128,0.356179654598236,115440.067279816,227583,180439,178941,179208,57330,62377,10193,15056,0,18724,10882,2337.1,51,62377,57330,5047,37816.0438156128,"Uhlig Katrin Babette","Grüne","25,20",0,"Rosenthal Jessica","SPD","25,10",0,"","",1,0
97,"Rhein-Sieg-Kreis I","Nordrhein-Westfalen",9,0.167044520378113,40467.3863143921,0.296483099460602,95472.6601867676,237415,184295,180563,182757,79987,49988,14684,11762,0,18768,0,476.6,43.7,79987,49988,29999,10468.3863143921,"Winkelmeier-Becker Elisabeth","CDU","32,60",0,"Hartmann Sebastian","SPD","28,50",0,"","",1,0
98,"Rhein-Sieg-Kreis II","Nordrhein-Westfalen",9,0.132651776075363,28668.8219947815,0.226955413818359,61542.9865074158,216020,174513,172898,173163,80441,39246,9543,13643,0,14491,14592,580.4,43.7,80441,39246,41195,-12526.1780052185,"Dr Röttgen Norbert","CDU","40,00",0,"Dr Stoppenbrink Katja","SPD","23,40",0,"https://katjastoppenbrink.de/mein-leben/","1.2.2023 13:27:00",0,0
99,"Oberbergischer Kreis","Nordrhein-Westfalen",9,0.211437776684761,45149.7163581848,0.308654963970184,83213.6604499817,208418,156593,154631,155034,67603,41305,7999,9489,0,12123,15648,296.1,37.4,67603,41305,26298,18851.7163581848,"Dr Brodesser Carsten","CDU","33,90",0,"Engelmeier Michaela","SPD","26,80",0,"","",1,0
100,"Rheinisch-Bergischer Kreis","Nordrhein-Westfalen",9,0.106844216585159,23943.505065918,0.204772531986237,57659.0979614258,217425,174420,172240,172529,68948,42098,8409,11846,0,27049,12476,647.7,45.2,68948,42098,26850,-2906.49493408203,"Dr Tebroke Hermann-Josef","CDU","30,00",0,"Krasniqi Kastriot","SPD","22,70",1,"","",0,1
101,"Leverkusen – Köln IV","Nordrhein-Westfalen",9,0.066031347477115,57227.1270749747,0.129683567597545,159723.006208724,212212,155139,153520,153711,47272,59373,9430,8722,0,10114,13408,2391.6,42.9,59373,47272,12101,45126.1270749747,"Dr Lauterbach Karl","SPD","45,60",0,"Güler Serap","CDU","20,40",1,"","",1,1
102,"Wuppertal I","Nordrhein-Westfalen",9,0.242167012546909,29175.5190658016,0.460855250961182,80822.6186589053,208129,149950,148006,148567,43814,46657,13120,10987,0,12910,16339,2392.9,39.5,46657,43814,2843,26332.5190658016,"Lindh Helge Frederik","SPD","37,30",1,"Lünenschloss Caroline","CDU","22,00",0,"https://www.caroline-luenenschloss.de/","1.2.2023 13:29:00",1,1
103,"Solingen – Remscheid – Wuppertal II","Nordrhein-Westfalen",9,0.136114159672084,59339.568149622,0.254387341349172,156989.606503601,222845,164019,161762,162469,61871,49863,10105,9403,0,12548,15303,1550.7,40.4,61871,49863,12008,47331.568149622,"Schäfer Ingo","SPD","32,60",0,"Hardt Jürgen ","CDU","27,60",0,"","",1,0
104,"Mettmann I","Nordrhein-Westfalen",9,0.171520471572876,34152.6861686707,0.327684164047241,88545.7598876953,205244,160315,158550,159165,70762,40819,8647,11014,0,13202,14106,1463.2,40.8,70762,40819,29943,4209.68616867065,"Dr Wiener Klaus","CDU","30,00",0,"Steicker Christian","SPD","24,90",0,"https://www.spd-hilden.de/christian-steinacker/","1.2.2023 13:34:00",1,0
105,"Mettmann II","Nordrhein-Westfalen",9,0.186551049351692,29445.9064941406,0.324240833520889,68673.4824867249,163229,125496,123986,124440,48689,37468,6825,7567,0,10795,11143,969.7,40.8,48689,37468,11221,18224.9064941406,"Beyer Peter ","CDU","31,30",0,"Griese Kerstin","SPD","30,70",0,"","",1,0
106,"Düsseldorf I","Nordrhein-Westfalen",9,0.179912933659952,39826.2465402956,0.393326525751602,129089.3887785,220764,172947,171387,171910,69273,41903,12611,14408,0,21944,10912,2559.6,42.9,69273,41903,27370,12456.2465402956,"Jarzombek Thomas","CDU","31,10",0,"Martens Zanda","SPD","22,40",1,"","",1,1
107,"Düsseldorf II","Nordrhein-Westfalen",9,0.183423429926488,35500.3921163206,0.401001189668707,115067.934284397,193175,143599,141828,142546,47950,38727,18499,11778,0,13049,11530,3304.5,42.9,47950,38727,9223,26277.3921163206,"Rimkus Andreas","SPD","29,20",0,"Pantel Sylvia","CDU","24,70",0,"","",1,0
108,"Neuss I","Nordrhein-Westfalen",9,0.173382371664047,37622.7514343262,0.296847522258759,86631.5496940613,214779,160050,158292,158775,69658,45314,8535,8131,0,11471,13675,849.7,48.3,69658,45314,24344,13278.7514343262,"Gröhe Gottfried Hermann","CDU","35,80",0,"Rinkert Daniel","SPD","32,00",0,"","",1,0
109,"Mönchengladbach","Nordrhein-Westfalen",9,0.152467489242554,30435.3885536194,0.274684131145477,71000.3699836731,190552,132006,130443,130836,57766,31766,8921,7814,0,10225,11910,1531.3,40.5,57766,31766,26000,4435.38855361938,"Dr Krings Günter","CDU","35,60",0,"Yüksal Gülistan ","SPD","29,30",1,"","",1,1
110,"Krefeld I – Neuss II","Nordrhein-Westfalen",9,0.108187193928832,31750.9179968341,0.187953068716287,71224.0508218988,201450,155434,153673,154190,65228,39142,7815,10140,0,17673,11196,900.6,44.8,65228,39142,26086,5664.91799683413,"Heveling Ansgar","CDU","33,40",0,"Einfalt Philipp","SPD","25,50",NA,"","",1,NA
111,"Viersen","Nordrhein-Westfalen",9,0.101305142045021,23912.9249191284,0.206773564219475,60514.2238616943,227423,173280,171590,172018,82165,42932,8747,11478,0,14233,12035,530.6,44.6,82165,42932,39233,-15320.0750808716,"Dr Plum Martin","CDU","35,80",0,"Schiefner Udo","SPD","27,60",0,"","",0,0
112,"Kleve","Nordrhein-Westfalen",9,0.101404912769794,23100.7605400085,0.241589456796646,73968.2595558167,226096,169057,167383,167658,75375,51197,7096,8230,0,12692,11019,253.4,31.9,75375,51197,24178,-1077.23945999146,"Rouenhoff Stefan","CDU","37,60",0,"Wißen Bodo","SPD","28,40",0,"https://bodo-wissen.de/","1.2.2023 13:36:00",0.002,0
113,"Wesel I","Nordrhein-Westfalen",9,0.10121551156044,21641.8193664551,0.175646170973778,45450.7997055054,207178,160344,158681,159098,61849,52085,9461,8763,0,12644,13615,295.8,41.1,61849,52085,9764,11877.8193664551,"Keller Rainer Johannes ","SPD","34,20",0,"Weiss Sabine Kathari","CDU","29,80",0,"","",1,0
114,"Krefeld II – Wesel II","Nordrhein-Westfalen",9,0.114018230409218,31042.9442658917,0.196164851053214,69206.6245359198,179118,133705,132097,132530,48817,42219,7418,8063,0,10769,11294,1380.1,40.6,48817,42219,6598,24444.9442658917,"Dieren Jan Ulrich","SPD","35,20",0,"Radomski Kerstin Christiane","CDU","28,40",0,"","",1,0
115,"Duisburg I","Nordrhein-Westfalen",9,0.180314837606607,30168.2944345691,0.364354387037017,89025.8297697442,167998,121638,118768,119616,34053,45455,8146,6648,0,8289,13648,2062.4,36.5,45455,34053,11402,18766.2944345691,"Bas Bärbel","SPD","40,30",0,"Mahlberg Thomas ","CDU","20,70",0,"","",1,0
116,"Duisburg II","Nordrhein-Westfalen",9,0.21656369671309,37339.5200872205,0.43760088752384,110187.924815522,160204,103704,100308,101792,26522,34799,8885,4622,0,7054,16643,2225.6,36.5,34799,26522,8277,29062.5200872205,"Özdemir Mahmut","SPD","39,40",1,"Mosblech Volker Peter","CDU","20,00",0,"","",1,1
117,"Oberhausen – Wesel III","Nordrhein-Westfalen",9,0.109364211559296,23117.3330383301,0.263535737991333,73194.7870597839,204816,150312,148121,148861,43077,56987,11331,8349,0,9357,18197,2229.6,41.6,56987,43077,13910,9207.33303833008,"Vöpel Dirk","SPD","38,80",0,"Dött Marie-Luise","CDU","22,50",0,"","",1,0
118,"Mülheim – Essen I","Nordrhein-Westfalen",9,0.0693594997926407,39315.6155124385,0.13881570148383,104324.358746284,187746,142858,141064,141651,44219,49226,9210,8690,0,12729,16221,2186.4,44.3,49226,44219,5007,34308.6155124385,"Fiedler Sebastian","SPD","36,30",0,"Timmermann-Fechter Astrid","CDU","24,00",0,"","",1,0
119,"Essen II","Nordrhein-Westfalen",9,0.210301553093154,30376.5226042805,0.408638143378155,77824.7427562425,163326,110369,108754,109215,28912,40601,8555,5846,0,7207,17153,3642.6,42.9,40601,28912,11689,18687.5226042805,"Heidenblut Dirk","SPD","37,80",0,"Fuchs Florian","CDU","22,80",0,"https://www.florian-fuchs.de/","1.2.2023 13:38:00",1,0
120,"Essen III","Nordrhein-Westfalen",9,0.119621066897023,17768.8542233689,0.232436375132528,45523.8582447879,192918,153336,152104,152409,56393,46829,9846,12511,0,12639,12306,2147.1,42.9,56393,46829,9564,8204.85422336893,"Hauer Matthias ","CDU","30,70",0,"Dr Wolters Gereon","SPD","30,00",0,"https://www.nrwspd.de/personen/gereon-wolters/","1.2.2023 13:39:00",1,0
121,"Recklinghausen I","Nordrhein-Westfalen",9,0.176532983779907,29822.1036071777,0.302104324102402,66255.9458847046,169267,123958,122242,122884,37792,47257,8043,6079,0,8791,13953,1295.3,35,47257,37792,9465,20357.1036071777,"Schwabe Frank","SPD","41,00",0,"Breilmann Michael","CDU","25,60",0,"","",1,0
122,"Recklinghausen II","Nordrhein-Westfalen",9,0.140148833394051,25944.6820373535,0.275786072015762,67283.1728477478,189376,140795,136147,139510,46982,56019,11502,6363,0,13903,0,642.2,35,56019,46982,9037,16907.6820373535,"Nickholz Brian","SPD","37,40",0,"Ehm Lars Andre","CDU","28,10",NA,"","",1,NA
123,"Gelsenkirchen","Nordrhein-Westfalen",9,0.18679666519165,34139.8333511353,0.373945891857147,98019.9673957825,175210,119414,117421,118066,29768,45017,7614,5444,0,7864,19836,2474.2,32.1,45017,29768,15249,18890.8333511353,"Töns Markus","SPD","40,50",0,"Rosen Laura Ann","CDU","19,80",0,"https://politikorange.de/2021/09/laura-rosen-junge-cdu-kandidatin-in-einer-politisch-unruhigen-stadt/","1.2.2023 13:42:00",1,0
124,"Steinfurt I – Borken I","Nordrhein-Westfalen",9,0.0906471237540245,20026.9229316711,0.203713923692703,57187.7917251587,202192,154606,153182,153578,78579,39584,7554,8118,0,10082,9265,282,32.2,78579,39584,38995,-18968.0770683289,"Spahn Jens","CDU","40,00",0,"Lahrkamp Sarah","SPD","28,30",0,"","",0,0
125,"Bottrop – Recklinghausen III","Nordrhein-Westfalen",9,0.127465322613716,26044.3922691345,0.244514644145966,63940.8735313416,202793,151842,149859,150514,50334,55128,9505,6522,0,9667,17756,870.4,37.4,55128,50334,4794,21250.3922691345,"Gerdes Michael","SPD","39,10",0,"Volmering Sven","CDU","27,00",0,"","",1,0
126,"Borken II","Nordrhein-Westfalen",9,0.0739278122782707,15071.7439575195,0.15890434384346,40760.379032135,199978,158146,155771,157056,81496,39412,6969,10496,0,14216,0,261.7,29,81496,39412,42084,-27012.2560424805,"König Anne","CDU","43,70",0,"Heselhaus dine","SPD","25,40",1,"","",0,1
127,"Coesfeld – Steinfurt II","Nordrhein-Westfalen",9,0.106220118701458,19753.9341049194,0.187709346413612,44051.8596954346,192946,156813,154379,155826,79677,36250,9577,12680,0,16195,0,196,36.8,79677,36250,43427,-23673.0658950806,"Heinrich Marc","CDU","40,90",0,"Waldmann Johannes","SPD","25,10",0,"https://www.johannes-waldmann.de/ueber-mich/","1.2.2023 13:43:00",0,0
128,"Steinfurt III","Nordrhein-Westfalen",9,0.13722950220108,28138.7404975891,0.196360498666763,48996.1338310242,195571,152541,151177,151383,67678,45797,8520,9857,0,8533,9530,234.6,34.4,67678,45797,21881,6257.74049758911,"Karliczek Anja Maria-Antonia ","CDU","34,00",0,"Coße Jürgen","SPD","31,10",0,"","",1,0
129,"Münster","Nordrhein-Westfalen",9,0.116811759769917,27860.2662963867,0.241156250238419,74859.2384109497,232294,191090,189854,190126,70606,54778,13024,24248,0,13219,8569,1039.6,51.4,70606,54778,15828,12032.2662963867,"Klein-Schmeink Maria An","Grüne","32,30",0,"Dr cke Stefan","CDU","26,20",0,"","",1,0
130,"Warendorf","Nordrhein-Westfalen",9,0.147337689995766,32353.5172462463,0.256326377391815,71122.308391571,209604,163531,161586,162144,75017,45094,7738,8968,0,11291,11078,210.6,34.8,75017,45094,29923,2430.51724624633,"Rehbaum Henning","CDU","36,30",0,"Daldrup Bernhard","SPD","30,80",0,"","",1,0
131,"Gütersloh I","Nordrhein-Westfalen",9,0.183275759220123,46392.4899215698,0.29400509595871,96850.6867790222,234272,176708,174626,175027,81298,48942,7582,9992,0,11401,13996,377.4,39.1,81298,48942,32356,14036.4899215698,"Brinkhaus Ralph","CDU","40,00",0,"Korkmaz-Emre Elvan","SPD","25,80",1,"","",1,1
132,"Bielefeld – Gütersloh II","Nordrhein-Westfalen",9,0.22899541258812,57351.3501281738,0.3945232629776,135797.003517151,246216,186152,184077,184616,56485,61086,16489,17728,0,13495,15028,1173.6,39.2,61086,56485,4601,52750.3501281738,"Dr Esdar Wiebke","SPD","30,00",0,"Dr Westerwelle Angelika","CDU","22,30",NA,"","",1,NA
133,"Herford – Minden-Lübbecke II","Nordrhein-Westfalen",9,0.203547149896622,45758.4454879761,0.320432633161545,94244.1736297607,228976,168664,166592,167047,59571,61205,9353,8444,0,9411,16633,580.7,37.5,61205,59571,1634,44124.4454879761,"Schwartze Stefan","SPD","36,50",0,"Ebmeyer Joachim Simon","CDU","26,70",NA,"","",1,NA
134,"Minden-Lübbecke I","Nordrhein-Westfalen",9,0.169674411416054,34619.6383285522,0.263159483671188,67366.3900985718,204203,151181,149530,149673,53057,55868,7862,7372,0,10575,14796,240.7,37.6,55868,53057,2811,31808.6383285522,"Post Achim Jürgen","SPD","38,40",0,"Dr Vogt Oliver","CDU","26,20",0,"","",1,0
135,"Lippe I","Nordrhein-Westfalen",9,0.200607597827911,48049.3661804199,0.279478877782822,82119.9419708252,227196,171391,169184,169572,61064,54022,9891,11252,0,13764,16829,329.8,35.6,61064,54022,7042,41007.3661804199,"Berghahn Jürgen","SPD","30,70",0,"Vieregge Kerstin","CDU","26,20",0,"","",1,0
136,"Höxter – Gütersloh III – Lippe II","Nordrhein-Westfalen",9,0.113124646246433,20400.4785919189,0.172726094722748,36910.1311607361,174634,133105,131400,131645,63213,32564,6331,6630,0,8779,12130,136.2,36.5,63213,32564,30649,-10248.5214080811,"Haase Christian","CDU","40,10",0,"Dr Kros Ulrich","SPD","28,00",0,"https://www.nrwspd.de/personen/hoexter-guetersloh-iii-lippe-ii-dr-ulrich-kros/","1.2.2023 13:48:00",0,0
137,"Paderborn","Nordrhein-Westfalen",9,0.20314510166645,48707.7233276367,0.297766447067261,91197.3745918274,229056,171804,170144,170408,91163,33516,8926,10305,0,9188,15380,246.9,36.1,91163,33516,57647,-8939.27667236328,"Dr Linnemann Carsten Christoffer ","CDU","47,90",0,"Blienert Burkhard Karl Erich","SPD","19,00",0,"","",0,0
138,"Hagen – Ennepe-Ruhr-Kreis I","Nordrhein-Westfalen",9,0.187047258019447,38929.5117301941,0.357192009687424,103513.867225647,207384,150044,148299,148794,44948,58206,8045,5752,0,11727,16716,885.4,39.5,58206,44948,13258,25671.5117301941,"Schisanowski Timo","SPD","33,30",0,"Nienhaus Ernst Christian","CDU","26,40",0,"https://www.cdu-ennepe-ruhr.de/artikel/christian-nienhaus","1.2.2023 13:50:00",1,0
139,"Ennepe-Ruhr-Kreis II","Nordrhein-Westfalen",9,0.119398914277554,20677.2568092346,0.224625647068024,48786.823802948,178506,137632,134376,136424,44273,49333,10804,11538,0,14175,0,918,42,49333,44273,5060,15617.2568092346,"Echeverria Iki Axel","SPD","35,40",1,"Ziebs Hartmut","CDU","24,60",0,"https://hartmut-ziebs.de/zur-person","1.2.2023 13:51:00",1,1
140,"Bochum I","Nordrhein-Westfalen",9,0.15339347185369,22599.549853902,0.293182127002489,56792.3950726186,206460,156941,155017,155704,43773,57655,15462,11937,0,10923,14775,2687.7,39.4,57655,43773,13882,8717.54985390197,"Schäfer Axel Helmut","SPD","38,30",0,"Schütz Fabian","CDU","21,70",0,"https://fabian-schuetz-2021.de/persoenlich","1.2.2023 13:51:00",1,0
141,"Herne – Bochum II","Nordrhein-Westfalen",9,0.103425761784303,40246.7948345136,0.21299897220052,110753.745720228,179247,127974,125744,126490,30361,52672,10064,6992,0,8448,16799,2606.1,36.5,52672,30361,22311,17935.7948345136,"Müntefering Michelle-Jasmin Gabriele","SPD","43,40",0,"Bußmann Christoph","CDU","19,80",0,"https://www.abgeordnetenwatch.de/profile/christoph-bussmann","1.2.2023 13:52:00",1,0
142,"Dortmund I","Nordrhein-Westfalen",9,0.142791116287619,29154.3280860573,0.276264470750261,77436.2286526125,211316,156097,154526,154923,44228,59990,11874,11281,0,9063,14644,2243.7,37,59990,44228,15762,13392.3280860573,"Peick Jens","SPD","33,00",0,"Wegener Klaus","CDU","19,40",NA,"","",1,NA
143,"Dortmund II","Nordrhein-Westfalen",9,0.206901413396346,45433.9423073142,0.400301580066705,120676.186901434,203300,143834,141889,142416,39933,55038,12242,9047,0,9031,15074,1974.4,37,55038,39933,15105,30328.9423073142,"Poschmann Sabine","SPD","39,10",0,"Depenbrock Michael","CDU","20,30",NA,"","",1,NA
144,"Unna I","Nordrhein-Westfalen",9,0.193394109606743,36378.5452957153,0.311162263154984,76146.307258606,197873,150831,149385,149580,47452,58019,8048,9600,0,9635,13558,728.3,40.2,58019,47452,10567,25811.5452957153,"Kaczmarek Oliver","SPD","40,80",0,"Hüppe Hubert Wilhelm","CDU","25,10",0,"","",1,0
145,"Hamm – Unna II","Nordrhein-Westfalen",9,0.222699075937271,54747.844745636,0.343103736639023,111336.685653687,235213,171524,169568,169735,59700,61717,9949,7409,0,9970,17713,762.1,33.7,61717,59700,2017,52730.844745636,"Thews Michael Eckardt","SPD","40,60",0,"Hilwig Arnd","CDU","26,50",0,"https://www.arnd-hilwig.de/#zurperson","1.2.2023 13:55:00",1,0
146,"Soest","Nordrhein-Westfalen",9,0.151974946260452,36276.6001586914,0.244920074939728,73428.1636581421,232301,174364,172492,173074,73595,50458,9756,9459,0,13681,15311,227.1,38.5,73595,50458,23137,13139.6001586914,"Thies Hans-Jürgen","CDU","33,10",0,"Hellmich Wolfgang","SPD ","30,80",0,"","",1,0
147,"Hochsauerlandkreis","Nordrhein-Westfalen",9,0.103219404816628,22025.8004722595,0.173772603273392,45123.84790802,202768,154014,152615,152814,73185,41047,6452,6476,0,12893,11115,132.5,32.9,73185,41047,32138,-10112.1995277405,"Merz Joachim-Friedrich Martin Josef ","CDU","40,40",0,"Wiese Dirk","SPD","32,20",0,"","",0,0
148,"Siegen-Wittgenstein","Nordrhein-Westfalen",9,0.1225820556283,26295.5758209229,0.245883077383041,68300.3483390808,212912,162306,160701,160959,64484,48560,9554,6885,0,11742,15728,244.5,36.7,64484,48560,15924,10371.5758209229,"Klein Volkmar","CDU","33,60",0,"Lici-Bode Luiza","SPD","30,40",1,"","",1,1
149,"Olpe – Märkischer Kreis I","Nordrhein-Westfalen",9,0.181713536381721,38152.5690040588,0.308346211910248,84961.0438613892,206716,152542,150760,151289,72158,39699,7197,5170,0,13230,13306,237.7,35.7,72158,39699,32459,5693.56900405884,"Müller Florian Matthias ","CDU","37,10",0,"Baradari Nezahat","SPD","29,60",1,"","",1,1
150,"Märkischer Kreis II","Nordrhein-Westfalen",9,0.165606006979942,34627.6755905151,0.297059625387192,81056.1828517914,200546,145474,142093,144222,53714,54890,11113,5356,0,15221,0,438.2,35.2,54890,53714,1176,33451.6755905151,"Ziemiak Paul","CDU","33,60",1,"Lugk Betti","SPD","30,40",0,"","",1,1
151,"Nordsachsen","Sachsen",10,0.0258339196443558,4285.79885482788,0.0593293085694313,11605.0933113098,163916,118170,116438,116563,38207,16248,20028,3070,0,7641,31244,97.5,30.3,38207,31244,6963,-2677.20114517212,"Bochmann René","AfD","27,80",0,"Dr Schenderlein Christiane ","CDU","22,80",0,"","",0,0
152,"Leipzig I","Sachsen",10,0.0359281078985327,8116.42094410798,0.140280117208143,39736.4022248267,220654,161407,159781,159930,43919,26330,31132,8735,0,9074,32702,1726.1,38.9,43919,32702,11217,-3100.57905589202,"Lehmann Jens","CDU","20,50",0,"Mann Holger","SPD","20,20",0,"","",0,0
153,"Leipzig II","Sachsen",10,0.0320535080271223,7411.58715067961,0.125151869273932,36285.6744582177,227718,175198,173636,173784,42778,23787,43948,17273,0,10052,25968,2344.1,38.9,43948,42778,1170,6241.58715067961,"Pellmann Sören","LINKE","22,80",0,"Dr Piechotta Paula Louise","Grüne","18,40",0,"","",1,0
154,"Leipzig-Land","Sachsen",10,0.0172080341726542,3765.1635017395,0.0411169975996018,10420.4889221191,215616,161321,159004,159391,54152,18221,24801,6219,0,10048,45563,156.3,32.7,54152,45563,8589,-4823.8364982605,"ujok Edgar","AfD","24,60",0,"von Breitenbuch Georg-Ludwig","CDU","24,40",0,"https://www.georg-ludwigvonbreitenbuch.de/ueber-mich-1/vita","1.2.2023 13:56:00",0,0
155,"Meißen","Sachsen",10,0.0179353039711714,3730.28804016113,0.0424369238317013,10259.0414390564,201310,152988,150932,150913,55326,13486,19122,5051,0,7991,46765,166.2,30.6,55326,46765,8561,-4830.71195983887,"Lenk Barbara","AfD","31,00",0,"Fischer Sebastian","CDU","22,30",0,"https://www.landtag.sachsen.de/de/abgeordnete/abgeordnetensuche/abgeordneter?id=851&searchvalue=&searchwithdistrict=False&searchinactiverepresentatives=False","1.2.2023 13:59:00",0,0
156,"Bautzen I","Sachsen",10,0.0204486809670925,4517.61913299561,0.0532792843878269,14114.0877494812,213990,161319,158876,158842,48579,15836,24221,3247,0,9247,52770,113.5,31.7,52770,48579,4191,326.619132995605,"Hilse Karsten","AfD","33,40",0,"Ermer Roland Albert","CDU","26,00",0,"https://www.wochenkurier.info/bautzen/artikel/cdu-nominiert-roland-ermer-fuer-den-bundestag","1.2.2023 14:01:00",0.8857,0
157,"Görlitz","Sachsen",10,0.0224916432052851,4887.14931488037,0.0619588270783424,15550.9055099487,213021,156089,153643,153720,48256,16801,20853,4995,0,7661,49834,119.7,28.4,49834,48256,1578,3309.14931488037,"Chrupalla Tino","AfD","35,80",0,"Oest Florian","CDU","26,10",0,"https://www.florianoest.de/ueber-mich-1","1.2.2023 14:02:00",1,0
158,"Sächsische Schweiz-Osterzgebirge","Sachsen",10,0.0232062414288521,4845.68132781982,0.0475820265710354,11503.9542160034,202580,156342,153899,154375,44354,11100,22614,4575,0,9933,57554,148.5,29.3,57554,44354,13200,-8354.31867218018,"Janich Steffen","AfD","33,00",0,"Dr Franke-Wöller Corin ","CDU","19,20",NA,"","",0,NA
159,"Dresden I","Sachsen",10,0.0495514224725637,10665.4157773433,0.16202449440573,44064.2652987242,232636,182849,180647,181118,44388,23906,37936,11765,0,13590,40380,3707.1,43,44388,40380,4008,6657.41577734326,"Dr Reichel Markus","CDU","21,10",0,"Kipping Katja","LINKE","18,90",0,"","",1,0
160,"Dresden II – Bautzen II","Sachsen",10,0.013545968006055,6241.07497583057,0.0423600046663872,24552.5696431398,235464,186818,184693,185164,47185,20593,32397,15839,0,12843,41202,723,41,47185,41202,5983,258.074975830571,"Rohwer Lars","CDU","18,60",0,"Harlaß Andreas","AfD","18,60",0,"https://andreas-harlass.de/","1.2.2023 14:06:00",0.8613,0
161,"Mittelsachsen","Sachsen",10,0.0194267556071281,4155.22789382935,0.0524975471198559,12991.4185600281,201629,150648,148674,148889,48230,17782,20785,4626,0,8652,46827,143.4,28.8,48230,46827,1403,2752.22789382935,"Bachmann Carolin","AfD","33,40",0,"Bellmann Veronika Maria","CDU","23,80",0,"","",1,0
162,"Chemnitz","Sachsen",10,0.0433591865003109,8629.03656768799,0.126933291554451,31583.2521514893,195929,147218,145553,145871,38653,22413,28213,6157,0,9535,34958,1114.4,34.9,38653,34958,3695,4934.03656768799,"Müller Detlef","SPD","25,10",0,"Klonovsky Michael ","AfD","21,90",NA,"","",1,NA
163,"Chemnitzer Umland – Erzgebirgskreis II","Sachsen",10,0.021826421841979,3952.09606170654,0.0385403893887997,8133.70306396484,183483,138891,136670,137183,48012,14142,23174,4609,0,10345,36388,237.2,29.9,48012,36388,11624,-7671.90393829346,"Moncsek Mike","AfD","28,90",0,"Wanderwitz Marco","CDU","23,70",0,"","",0,0
164,"Erzgebirgskreis I","Sachsen",10,0.00829439889639616,1866.69226074219,0.0255446042865515,6594.81079483032,220917,166701,163552,163971,56716,14707,24808,4334,0,11820,49465,164.4,28.3,56716,49465,7251,-5384.30773925781,"Dietz Thomas","AfD","31,70",0,"Krauß Alexander","CDU","25,40",0,"","",0,0
165,"Zwickau","Sachsen",10,0.0252869743853807,5372.9686164856,0.0632469952106476,15586.8478355408,207606,150950,143380,148829,48347,18219,36881,6513,0,19181,0,321.8,32.6,48347,36881,11466,-6093.0313835144,"Moosdorf Matthias","AfD","25,60",0,"Körber Carsten","CDU","21,20",0,"","",0,0
166,"Vogtlandkreis","Sachsen",10,0.0227242354303598,4485.93762969971,0.0739326402544975,16987.9796333313,193081,142775,140355,140861,49104,15538,21809,5292,0,7836,36428,160,30,49104,36428,12676,-8190.06237030029,"Magwas Yvonne","CDU","27,70",0,"Weiser Mathias","AfD","26,80",0,"https://www.blick.de/vogtland/mathias-weiser-afd-den-mittelstand-durch-entlastungen-staerken-artikel11722908","1.2.2023 14:13:00",0,0
167,"Waldeck","Hessen",11,0.138380646705627,27041.9724063873,0.224798440933228,53775.7933673859,186825,142852,140638,140733,47269,49341,8600,8062,0,9930,15438,108.1,22.9,49341,47269,2072,24969.9724063873,"Dilcher Esther","SPD","38,00",0,"Schwarz Armin","CDU","26,30",0,"","",1,0
168,"Kassel","Hessen",11,0.18248724937439,42108.0503997803,0.3227918446064,97986.5015068054,222451,167855,165278,165403,44425,58759,14472,15466,0,9759,16501,852.4,32.9,58759,44425,14334,27774.0503997803,"Gremmels Timon","SPD","36,10",0,"Aufenger Michael","CDU","20,40",0,"https://www.michael-aufenanger.de/mein-werdegang","1.2.2023 14:14:00",1,0
169,"Werra-Meißner – Hersfeld-Rotenburg","Hessen",11,0.0919321998953819,17132.7546081543,0.165650144219398,36970.2295341492,175992,133726,131232,131067,39302,54033,7281,5236,0,6594,16411,104.3,23,54033,39302,14731,2401.7546081543,"Roth Michael","SPD","43,70",0,"Gebhard Wilhelm","CDU","26,80",0,"https://www.osthessen-zeitung.de/einzelansicht/news/2021/september/bundestagswahl-wahlkreis-hersfeld-kandidat-wilhelm-gebhard.html","1.2.2023 14:16:00",1,0
170,"Schwalm-Eder","Hessen",11,0.142010062932968,27082.6457366943,0.207657158374786,47373.9579944611,188074,145743,143087,143052,43514,53892,7852,8003,0,9298,17198,104.3,30.2,53892,43514,10378,16704.6457366943,"Dr Franke Edgar","SPD","39,30",0,"Bischof Anna-Maria","CDU","24,00",0,"https://www.bischof-cdu.de/Ueber-mich_p_28.html","1.2.2023 14:17:00",1,0
171,"Marburg","Hessen",11,0.129906982183456,24825.1457443237,0.242366507649422,59208.6235160828,183296,142365,140566,140786,46888,50214,11557,8989,0,6044,14378,195.7,34.1,50214,46888,3326,21499.1457443237,"Bartol Sören","SPD","36,90",0,"Dr Heck Stefan","CDU","26,10",0,"","",1,0
172,"Lahn-Dill","Hessen",11,0.155649125576019,32939.7077388763,0.274715632200241,75230.1617431641,208744,155002,152554,152801,58417,45375,7116,8909,0,9590,17874,239.3,21.1,58417,45375,13042,19897.7077388763,"Schmidt Dagmar","SPD","33,10",0,"Irmer Hans-Jürgen","CDU","30,10",0,"","",1,0
173,"Gießen","Hessen",11,0.152921453118324,35735.4323596954,0.251573354005814,72366.7683906555,217806,166621,164158,164313,57610,46216,10346,13619,0,12641,18918,218.6,32.9,57610,46216,11394,24341.4323596954,"Döring Felix","SPD","30,40",0,"Dr Braun Helge","CDU","29,60",0,"","",1,0
174,"Fulda","Hessen",11,0.130141139030457,26838.7262649536,0.225106567144394,58998.8305625916,209966,161981,159299,158682,71946,32150,7669,8874,0,8437,27990,128.2,22.6,71946,32150,39796,-12957.2737350464,"Brand Michael Karl","CDU","38,10",0,"Kömpel Birgit","SPD","21,80",0,"","",0,0
175,"Main-Kinzig – Wetterau II – Schotten","Hessen",11,0.132088229060173,24949.8880462646,0.232588529586792,54610.6619529724,179307,138193,135869,136026,49479,38462,8007,7346,0,8326,20172,151.9,28.6,49479,38462,11017,13932.8880462646,"Müller Betti","SPD","30,50",0,"Wiegelmann Johannes","CDU","27,50",0,"https://www.johanneswiegelmann.de/","1.2.2023 14:18:00",1,0
176,"Hochtaunus","Hessen",11,0.157372191548347,29428.3695106506,0.306657671928406,78430.3701763153,181516,146315,144260,144609,57579,33201,8556,12884,0,14954,15075,310.6,39.7,57579,33201,24378,5050.36951065063,"Koob Markus","CDU","31,30",0,"Bokler Alicia Maria","SPD","27,00",0,"https://alicia-bokler.spd.de/ueber-mich/","1.2.2023 14:19:00",1,0
177,"Wetterau I","Hessen",11,0.123967260122299,22907.940366745,0.247491285204887,58770.3052577972,176435,138853,136921,137220,49891,39773,6719,11368,0,11047,14987,325.9,40.7,49891,39773,10118,12789.940366745,"Pawlik talie","SPD","29,70",1,"Häuser Armin","CDU","28,30",0,"https://de.wikipedia.org/wiki/Armin_H%C3%A4user","1.2.2023 14:20:00",1,1
178,"Rheingau-Taunus – Limburg","Hessen",11,0.103925220668316,24049.3680992126,0.214052751660347,62481.6889953613,220342,173627,171338,171625,71555,43427,9394,12020,0,13053,17439,254.5,31.8,71555,43427,28128,-4078.63190078735,"Willsch Klaus-Peter","CDU","30,20",0,"Rabanus Martin Hermann","SPD","28,50",0,"","",0,0
179,"Wiesbaden","Hessen",11,0.225145921111107,43108.9734725952,0.412566393613815,115402.78159523,189372,139775,137965,138229,47309,39396,10558,12321,0,9693,14417,1365.9,37.4,47309,39396,7913,35195.9734725952,"Jung Ingmar Ludwig","CDU","26,30",0,"Ruf Nadine","SPD","25,80",0,"https://www.nadine-ruf.de/familien-zeit/","1.2.2023 14:21:00",1,0
180,"Hanau","Hessen",11,0.177318200469017,32194.6423740387,0.358599931001663,93044.9661521912,177469,134190,132059,132323,46656,40185,7715,8054,0,8418,16907,756.8,23.1,46656,40185,6471,25723.6423740387,"Oehl Jan Lenrd","SPD","31,10",0,"Dr Leikert Katja ","CDU","27,80",0,"","",1,0
181,"Main-Taunus","Hessen",11,0.173602238297462,34609.6956062317,0.357654303312302,102797.129789352,197291,160647,158525,158859,66490,34527,7887,14458,0,17224,15319,1050.4,38.4,66490,34527,31963,2646.69560623169,"Altenkamp Norbert Maria","CDU","33,30",0,"Dr Seewald Ilja-Kristin","SPD","22,80",NA,"","",1,NA
182,"Frankfurt am Main I","Hessen",11,0.265439536067349,58684.7543570086,0.566416169922792,212101.311403667,199775,144841,143049,143227,43663,38704,13934,15596,0,13185,12892,4467,38.3,43663,38704,4959,53725.7543570086,"Zornd Armand","SPD","29,00",0,"Kaufmann Axel","CDU","21,70",0,"https://www.abgeordnetenwatch.de/profile/axel-kaufmann","1.2.2023 14:24:00",1,0
183,"Frankfurt am Main II","Hessen",11,0.209938542162358,46792.8491223768,0.447983698029845,169121.00547942,223942,172393,170569,170773,55221,44240,15523,23026,0,13877,13033,2348.1,38.3,55221,44240,10981,35811.8491223768,"Nouripour Omid","Grüne","29,00",1,"Mansoori Kaweh","SPD","23,30",1,"","",1,2
184,"Groß-Gerau","Hessen",11,0.211890235543251,36354.6414222717,0.451595962047577,122723.582632065,174727,133318,130857,131180,45963,42342,8729,8877,0,7358,14805,608.6,26.8,45963,42342,3621,32733.6414222717,"Wegling Melanie","SPD","33,50",0,"Sauer Stefan","CDU","27,70",0,"","",1,0
185,"Offenbach","Hessen",11,0.238508850336075,56149.61444664,0.46614608168602,172379.546398163,220194,163580,160983,161294,58565,40106,12435,14246,0,12420,18047,1520.8,34.2,58565,40106,18459,37690.61444664,"Simon Björn Manuel","CDU","27,80",0,"Firat Tuna","SPD","26,40",1,"https://www.fr.de/rhein-main/offenbach/nach-berlin-11624848.html","1.2.2023 14:25:00",1,1
186,"Darmstadt","Hessen",11,0.182105705142021,45794.150932312,0.358442187309265,125428.51127243,242622,192508,189775,190375,58216,56442,16146,26939,0,11739,17227,778.7,42.3,58216,56442,1774,44020.150932312,"Larem Andreas","SPD","27,40",0,"Wagner Daniela","Grüne","23,80",0,"","",1,0
187,"Odenwald","Hessen",11,0.12756410241127,31775.055059433,0.23730206489563,74913.6084499359,234422,184974,181831,182229,65654,52761,11138,14181,0,13139,21347,290.1,32,65654,52761,12893,18882.055059433,"Dr Zimmermann Jens","SPD","32,30",0,"Lips Patricia","CDU","27,90",0,"","",1,0
188,"Bergstraße","Hessen",11,0.126790940761566,26308.1565303802,0.245668306946754,65914.2580223083,198418,156082,153739,154094,59781,41408,8511,11747,0,11711,19153,375.7,36.1,59781,41408,18373,7935.15653038025,"Dr Meister Michael","CDU","30,50",0,"Wingerter Sven","SPD","27,20",0,"https://www.spd-hessen.de/personen/sven-wingerter/","1.2.2023 14:26:00",1,0
189,"Eichsfeld – Nordhausen – Kyffhäuserkreis","Thüringen",12,0.0201796218752861,4432.26565933228,0.0586970411241054,14993.9166679382,216673,158339,156075,155929,59318,22320,23848,3992,0,7633,33402,95.6,32.1,59318,33402,25916,-21483.7343406677,"Grund Manfred","CDU","26,60",0,"Pohl Jürgen Hans","AfD","22,70",0,"","",0,0
190,"Eisenach – Wartburgkreis – Unstrut-Hainich-Kreis","Thüringen",12,0.0215238183736801,4810.79070281982,0.051096960902214,13320.3077354431,219822,161171,158873,158927,54657,24176,24607,4990,0,7983,33644,112.1,29.1,54657,33644,21013,-16202.2092971802,"Stöber Klaus","AfD","24,80",0,"Rudolph Ti","SPD","23,80",0,"","",0,0
191,"Jena – Sömmerda – Weimarer Land I","Thüringen",12,0.0153462672606111,3087.02864837646,0.0928617492318153,23125.0641708374,203210,155210,152895,153356,44684,21668,32680,7544,0,8939,29451,156.6,38.5,44684,32680,12004,-8916.97135162354,"Dr Becker Holger","SPD","20,10",0,"Braga Torben ","AfD","19,40",1,"https://www.thueringer-landtag.de/abgeordnete/abgeordnete-fraktionen-sitzordnung/abgeordnetendetails/abgeordneter/torben-braga/","1.2.2023 14:27:00",0,1
192,"Gotha – Ilm-Kreis","Thüringen",12,0.0209037382155657,4301.12172698975,0.0685506239533424,16474.04845047,196466,146721,144260,144541,41744,26892,22462,4769,0,8721,34524,138.5,33.1,41744,34524,7220,-2918.87827301025,"Bühl Marcus","AfD","26,50",0,"Müller Michael Christian","SPD","23,50",0,"","",0,0
193,"Erfurt – Weimar – Weimarer Land II","Thüringen",12,0.0311284530907869,7184.28789901733,0.115171521902084,32869.5781822205,221922,168235,165925,166158,45305,30257,30948,11722,0,9975,28960,645.5,40.8,45305,30948,14357,-7172.71210098267,"Schneider Carsten","SPD","24,40",0,"Tillmann Antje","CDU","17,40",0,"","",0,0
194,"Gera – Greiz – Altenburger Land","Thüringen",12,0.0149941677227616,3656.29648590088,0.051724661141634,14535.5652008057,240738,176933,174113,174392,52980,20627,32573,3652,0,9712,47558,178.6,30.3,52980,47558,5422,-1765.70351409912,"Brander Stephan Günther","AfD","29,00",0,"Kaiser Elisabeth","SPD","22,20",0,"","",0,0
195,"Saalfeld-Rudolstadt – Saale-Holzland-Kreis – Saale-Orla-Kreis","Thüringen",12,0.0126025089994073,2890.28690338135,0.0347132869064808,9372.4935874939,227191,170493,167982,168385,51954,19585,28714,5690,0,10248,44422,89.6,31.8,51954,44422,7532,-4641.71309661865,"Prof Dr Kaufmann Michael","AfD","29,30",0,"Weiler Albert Helmut","CDU","21,00",0,"","",0,0
196,"Suhl – Schmalkalden-Meiningen – Hildburghausen – Sonneberg","Thüringen",12,0.024964040145278,6091.78572845459,0.0713869258761406,20409.8431472778,240992,174950,172544,172760,57871,23277,31362,4560,0,8368,39505,101.2,27,57871,39505,18366,-12274.2142715454,"Ulrich Frank","SPD","33,60",0,"Maaßen Hans-Georg","CDU","22,30",0,"https://de.wikipedia.org/wiki/Hans-Georg_Maa%C3%9Fen","1.2.2023 14:28:00",0,0
197,"Neuwied","Rheinland-Pfalz",13,0.172052398324013,41414.6045455933,0.269510567188263,82326.2777900696,239284,181607,178205,179060,76933,50996,9521,9449,0,10898,16954,245.5,30,76933,50996,25937,15477.6045455933,"Rüddel Erwin Josef","CDU","31,90",0,"Diedenhofen Martin ","SPD","30,20",0,"","",1,0
198,"Ahrweiler","Rheinland-Pfalz",13,0.104313440620899,20797.4363365173,0.188076660037041,45760.2707633972,195618,151587,149595,149989,64006,40944,6790,8616,0,12981,13105,187.1,38.9,64006,40944,23062,-2264.56366348267,"Heil Mechthild","CDU","34,30",0,"Schmitt Christoph","SPD","30,20",NA,"","",0,NA
199,"Koblenz","Rheinland-Pfalz",13,0.156288713216782,31023.7704772949,0.274140417575836,69486.4987487793,196999,151153,149009,149629,61594,42777,7693,9273,0,9732,12153,408.6,42.7,61594,42777,18817,12206.7704772949,"Oster Josef","CDU","31,70",0,"Dr Rudolph Thorsten","SPD","29,90",0,"","",1,0
200,"Mosel/Rhein-Hunsrück","Rheinland-Pfalz",13,0.126644685864449,23470.1686325073,0.188480317592621,41253.9894065857,172876,135519,132828,133704,58596,33477,7040,6465,0,11544,10834,95.7,28.8,58596,33477,25119,-1648.83136749268,"Dr Bröhr Marlon","CDU","34,30",0,"Maurer Michael Franz Josef","SPD","26,90",NA,"","",0,NA
201,"Kreuznach","Rheinland-Pfalz",13,0.0860551744699478,16812.1260566711,0.170417532324791,40549.7148513794,185172,139908,137794,138211,50975,43373,7610,6750,0,9342,14914,145.8,35.2,50975,43373,7602,9210.12605667114,"Dr Weingarten Joe","SPD","33,00",0,"Klöckner Julia","CDU","29,10",0,"","",1,0
202,"Bitburg","Rheinland-Pfalz",13,0.0987355783581734,16864.5794296265,0.201306730508804,42758.134147644,164480,126879,124382,125048,63719,32017,6786,0,0,8703,8840,70.2,32,63719,32017,31702,-14837.4205703735,"Schnieder Patrick","CDU","37,80",0,"Werner Le","SPD","27,40",0,"","",0,0
203,"Trier","Rheinland-Pfalz",13,0.0755095705389977,15386.9250640869,0.201916605234146,52288.996471405,192846,151551,149338,149881,56611,50283,9842,9645,0,7910,10414,214,40.1,56611,50283,6328,9058.92506408691,"Hubertz Vere Ute","SPD","33,00",0,"Steier Andreas","CDU","27,70",0,"","",1,0
204,"Montabaur","Rheinland-Pfalz",13,0.157645925879478,34506.202583313,0.267261266708374,74881.6408004761,210114,163520,158697,161759,68727,47312,11098,8225,0,14543,0,180.9,28.7,68727,47312,21415,13091.202583313,"Dr Machalet Tanja","SPD","31,50",0,"Dr Nick Andreas","CDU","30,00",0,"","",1,0
205,"Mainz","Rheinland-Pfalz",13,0.132986530661583,34601.1522674561,0.30252206325531,107812.941093445,248996,202534,200319,200879,71535,56184,12904,21685,0,13813,14542,756.6,49.2,71535,56184,15351,19250.1522674561,"Baldy Daniel","SPD","24,90",1,"Groden-Kranich Ursula Maria Luise","CDU","23,60",0,"","",1,1
206,"Worms","Rheinland-Pfalz",13,0.132424354553223,28640.8593063354,0.253443092107773,71177.8571815491,213627,169793,167176,167665,68685,44569,8539,11280,0,10058,18902,310.6,37.9,68685,44569,24116,4524.85930633545,"Metzler Jan","CDU","32,20",0,"Dr Maier David","SPD","30,30",0,"https://www.davidmaier2021.de/ueber-mich/","1.2.2023 14:32:00",1,0
207,"Ludwigshafen/Frankenthal","Rheinland-Pfalz",13,0.211084231734276,46147.6374320984,0.401551723480225,125999.982971191,215595,161867,159181,159457,51168,50740,8979,8700,0,11910,23109,1030.3,32.6,51168,50740,428,45719.6374320984,"Schreider Christian Willi Heribert","SPD","32,80",0,"Kartes Jens Torbjörn","CDU","25,00",0,"","",1,0
208,"Neustadt – Speyer","Rheinland-Pfalz",13,0.116254583001137,26614.9478797913,0.222540721297264,64566.8540840149,220550,176425,173721,174337,69504,44032,8207,13156,0,11734,20593,332.4,45.6,69504,44032,25472,1142.94787979126,"Steiniger Johannes Eberhard","CDU","30,20",0,"Mackensen-Geis Isabel Larissa","SPD","28,10",0,"","",0.9993,0
209,"Kaiserslautern","Rheinland-Pfalz",13,0.126009255647659,29828.1948547363,0.226108908653259,66939.1238975525,229114,172316,169379,169764,53022,57482,12277,8618,0,9256,21378,175.8,37.3,57482,53022,4460,25368.1948547363,"Mieves Matthias David","SPD","33,90",0,"Jung Xaver","CDU","21,50",0,"","",1,0
210,"Pirmasens","Rheinland-Pfalz",13,0.122554063796997,22218.1810073853,0.188185140490532,40866.8529014587,177687,135065,132235,132716,48719,38028,8019,5544,0,8846,16989,160.4,34.9,48719,38028,10691,11527.1810073853,"Glöckner Angelika","SPD","30,40",0,"Bilic Florian","CDU","30,10",NA,"","",1,NA
211,"Südpfalz","Rheinland-Pfalz",13,0.129708126187325,28663.3278884888,0.247871875762939,70801.0657119751,217633,172369,170011,170407,68588,44224,8018,13500,0,10209,20932,241.5,40.6,68588,44224,24364,4299.32788848877,"Hitschler Thomas","SPD","28,20",0,"Dr Gebhart Thomas","CDU","28,20",0,"","",1,0
212,"Altötting","Bayern",14,0.13180536031723,23198.606716156,0.201443746685982,43667.789390564,168221,126786,125538,125910,0,15479,6060,7584,68435,7070,16486,165.4,22.2,68435,16486,51949,-28750.393283844,"Mayer Stephan","CSU","43,30",0,"Heidrich Annette Mathilde","SPD","11,40",0,"https://www.abgeordnetenwatch.de/profile/annette-heidrich","1.2.2023 14:35:00",0,0
213,"Erding – Ebersberg","Bayern",14,0.0770274102687836,16322.1345596313,0.212543144822121,60060.302444458,198198,163357,162248,162602,0,24131,6418,16607,78212,11889,16689,198.5,31.4,78212,24131,54081,-37758.8654403687,"Dr Lenz Andreas ","CSU","42,30",0,"Lochmüller Christoph Johannes","Grüne","14,90",0,"https://christoph-lochmueller.de/ueber-mich","1.2.2023 14:35:00",0,0
214,"Freising","Bayern",14,0.0892544612288475,21564.5943260193,0.221510216593742,70906.0365028381,235746,186647,185177,185632,0,24916,9265,17439,79545,13400,23222,187.4,22,79545,24916,54629,-33064.4056739807,"Irlstorfer Erich","CSU","36,20",0,"Mehltretter Andreas ","SPD","13,50",0,"","",0,0
215,"Fürstenfeldbruck","Bayern",14,0.104385860264301,25484.5144691467,0.262126266956329,86768.1754684448,232125,190769,189300,189847,0,35454,7699,17244,82602,13661,19352,336.4,32.7,82602,35454,47148,-21663.4855308533,"Staffler Katrin","CSU","38,00",0,"Schrodi Michael Georg","SPD","19,30",0,"","",0,0
216,"Ingolstadt","Bayern",14,0.196457371115685,50051.9090652466,0.332453846931458,114542.958400726,238605,184059,182472,182845,0,24799,8817,11515,90383,9310,23720,183.2,27.5,90383,24799,65584,-15532.0909347534,"Dr Brandl Reinhard","CSU","44,90",0,"Meier Jessica","SPD","13,90",NA,"","",0,NA
217,"München-Nord","Bayern",14,0.16519221463712,39434.8779156791,0.438780315462499,163828.520133878,226436,174196,173121,173528,0,45068,10351,22726,55811,16669,13216,4247,35.7,55811,45068,10743,28691.8779156791,"Loos Bernhard Siegfried","CSU","25,70",0,"Wagner Doris Else","Grüne","24,20",0,"","",1,0
218,"München-Ost","Bayern",14,0.149075901013986,37363.1329817389,0.395972479807621,155221.649146525,239169,186913,185687,186168,0,39621,11655,28278,68255,16451,13822,4909,35.7,68255,39621,28634,8729.13298173886,"Dr Stefinger Wolfgang Dieter","CSU","31,70",0,"Rashid Vaniessa","Grüne","21,90",1,"","",1,1
219,"München-Süd","Bayern",14,0.148500318384588,32350.1810432009,0.394443628534233,134395.808139765,216725,170483,169397,169824,0,39873,12611,23343,55894,15332,12921,6478,35.7,55894,39873,16021,16329.1810432009,"Schäfer Jamila An","Grüne","27,50",0,"Kuffer Michael Thomas","CSU","26,80",0,"","",1,0
220,"München-West/Mitte","Bayern",14,0.142168909461214,34585.0929371582,0.377626264526959,143680.541035338,241282,193399,192077,192621,0,44283,13569,31385,64014,17369,12852,4189.1,35.7,64014,44283,19731,14854.0929371582,"Pilsinger Stephan Nikolaus","CSU","27,00",0,"Janecek Dieter Gerald","Grüne","26,90",1,"","",1,1
221,"München-Land","Bayern",14,0.121912695467472,29184.1539459229,0.330140650272369,118744.190002441,235172,197265,196136,196365,0,31943,7708,26890,85347,18312,16458,527.6,50.2,85347,31943,53404,-24219.8460540771,"Hahn Florian Peter","CSU","39,10",0,"Dr Hofreiter Anton Gerhard","Grüne","20,40",0,"","",0,0
222,"Rosenheim","Bayern",14,0.0939834713935852,23313.9722328186,0.223193898797035,72906.675289154,235170,186492,184948,185457,0,21890,7036,17307,84981,13750,23988,220,27.7,84981,23988,60993,-37679.0277671814,"Ludwig Daniela","CSU","36,10",0,"Broßart Victoria","Grüne","13,80",0,"https://victoria-brossart.de/ueber-mich/","1.2.2023 14:38:00",0,0
223,"Bad Tölz-Wolfratshausen – Miesbach","Bayern",14,0.0751630589365959,13629.7957420349,0.228207930922508,55584.1670761108,165527,132612,131254,131817,0,14792,6922,17786,62465,10702,13025,115.3,29.2,62465,17786,44679,-31049.2042579651,"Radwan Alexander Gamal","CSU","41,30",1,"Bär Karl","Grüne","15,50",0,"","",0,1
224,"Starnberg – Landsberg am Lech","Bayern",14,0.0790484473109245,16961.5812950134,0.223210483789444,62607.4482727051,213628,177013,175679,176266,0,29308,6983,20864,73948,16893,15607,226.4,35.1,73948,29308,44640,-27678.4187049866,"Kießling Michael","CSU","38,20",0,"Neubauer Martina","Grüne","19,90",0,"https://www.martina-neubauer.de/ueber-mich/","1.2.2023 14:40:00",0,0
225,"Traunstein","Bayern",14,0.112463526427746,25181.3350753784,0.234228536486626,67789.4374542236,208466,160615,159225,159569,0,25659,7144,12972,80056,9034,16276,119.3,26,80056,25659,54397,-29215.6649246216,"Dr Ramsauer Peter","CSU","36,60",0,"Dr Kofler Bärbel","SPD","17,00",0,"","",0,0
226,"Weilheim","Bayern",14,0.0589437782764435,9837.11679077148,0.177172809839249,37965.2662658691,167159,134333,133038,133567,0,19722,6229,12066,63784,9370,13383,113.2,27.5,63784,19722,44062,-34224.8832092285,"Dobrindt Alexander","CSU","41,90",0,"Dr Meierhofer Sigrid Elisabeth","SPD","14,40",0,"https://de.wikipedia.org/wiki/Sigrid_Meierhofer","1.2.2023 14:41:00",0,0
227,"Deggendorf","Bayern",14,0.0769845992326736,13773.3957557678,0.147327810525894,32263.7044448853,166659,119455,118391,118754,0,20612,4955,5342,52167,4707,20438,109,21.6,52167,20612,31555,-17781.6042442322,"Erndl Thomas Maximilian","CSU","37,40",0,"Behringer Martin Werner","FREIE WÄHLER","15,60",NA,"","",0,NA
228,"Landshut","Bayern",14,0.109336487948895,26580.3275680542,0.246183976531029,80503.7574272156,245315,189425,187727,188190,0,25511,6749,12356,74299,15991,23538,149,22.3,74299,25511,48788,-22207.6724319458,"Oßner Florian","CSU","36,40",0,"Bauer Nicole An Elisabeth","FDP","11,70",0,"","",0,0
229,"Passau","Bayern",14,0.0900946781039238,16649.4785957336,0.171893909573555,38652.5551242828,177387,131350,130171,130571,0,24611,6246,7248,61835,7900,18328,154.1,25.5,61835,24611,37224,-20574.5214042664,"Scheuer Andreas Franz","CSU","30,70",0,"Schätzl Johannes","SPD","20,90",0,"","",0,0
230,"Rottal-Inn","Bayern",14,0.0939269363880158,17861.8386688232,0.198011368513107,47300.4471893311,173163,127840,126568,127015,0,18142,4971,6219,56767,8931,19081,99.1,20.5,56767,19081,37686,-19824.1613311768,"Straubinger Max","CSU","35,10",0,"Schießl Werner","FREIE WÄHLER","16,70",0,"https://www.fw-bayern.de/btw-2021/werner-schiessl","1.2.2023 14:42:00",0,0
231,"Straubing","Bayern",14,0.0717442780733109,12686.9264526367,0.172013163566589,37994.2541999817,173953,129424,128050,128209,0,21525,4766,4602,60976,5670,19261,100.9,27.9,60976,21525,39451,-26764.0735473633,"Rainer Alois Georg Josef","CSU","44,30",0,"Miazga Corin","AfD","12,70",0,"","",0,0
232,"Amberg","Bayern",14,0.0805754885077477,18102.7727546692,0.168698996305466,47121.8850898743,215876,169507,167850,168205,0,25580,7461,11612,80075,8388,18790,105.6,24.4,80075,25580,54495,-36392.2272453308,"Hierl Susanne","CSU","40,30",0,"Foitzik Johannes Leo","SPD","16,00",NA,"","",0,NA
233,"Regensburg","Bayern",14,0.118875995278358,31147.4899253845,0.236786812543869,79435.0089836121,247794,194824,192989,193734,0,32392,11600,18135,77207,12014,22677,244.8,30.2,77207,32392,44815,-13667.5100746155,"Aumer Peter","CSU","35,30",0,"Dr Wagner Carolin","SPD","16,60",0,"","",0,0
234,"Schwandorf","Bayern",14,0.0499610900878906,11635.1643104553,0.11817479878664,33027.3808670044,221540,166505,162986,165208,0,38931,8090,6380,78743,7632,598,92.2,24.8,78743,38931,39812,-28176.8356895447,"Englhardt-Kopf Marti","CSU","35,10",0,"Schieder Marianne","SPD","22,80",0,"","",0,0
235,"Weiden","Bayern",14,0.0453381910920143,8008.48274612427,0.109565697610378,22987.1646766663,168415,130514,128191,129342,0,28614,5677,4553,59285,5269,0,81,25.7,59285,28614,30671,-22662.5172538757,"Rupprecht Albert Robert","CSU","38,50",0,"Grötsch Ulrich Peter","SPD","22,50",0,"","",0,0
236,"Bamberg","Bayern",14,0.0760133937001228,15293.9037475586,0.146833702921867,35396.561958313,182513,145222,144133,144421,0,29475,7504,13194,60675,9364,16603,240.4,35.5,60675,29475,31200,-15906.0962524414,"Silberhorn Thomas","CSU","37,00",0,"Schwarz Andreas","SPD","19,00",0,"","",0,0
237,"Bayreuth","Bayern",14,0.0987706705927849,16705.9568862915,0.17426198720932,35365.2148666382,163934,127222,126171,126529,0,26785,5476,8936,58665,8368,11845,125.4,33.2,58665,26785,31880,-15174.0431137085,"Dr Launert Silke","CSU","42,40",0,"Kramme Anette","SPD","19,40",0,"","",0,0
238,"Coburg","Bayern",14,0.0850938186049461,13880.2405929565,0.167938128113747,33248.5234222412,159654,123200,121693,122179,0,32163,6305,7129,55078,5877,12763,151.1,29.7,55078,32163,22915,-9034.75940704346,"Dr Geissler Jos Alexander Tecumseh","CSU","36,50",0,"Brehm Ramo","SPD","26,10",0,"https://www.np-coburg.de/inhalt.coburg-ramona-brehm-wird-spd-bundestagskandidatin.a2e38fbf-7467-421c-8a24-2da21d23df22.html","1.2.2023 14:45:00",0,0
239,"Hof","Bayern",14,0.0950637981295586,16521.6080665588,0.179195895791054,38208.8307685852,167552,126918,125858,125792,0,29641,5560,5936,59182,4716,14893,136.6,26.6,59182,29641,29541,-13019.3919334412,"Dr Friedrich Hans Peter","CSU","41,20",0,"Nürnberger Jörg Mathias","SPD","23,90",0,"","",0,0
240,"Kulmbach","Bayern",14,0.0709219351410866,13064.4446144104,0.124585434794426,27705.1769065857,170897,135072,133677,133912,0,21494,5057,5880,74105,5381,15497,121,21.2,74105,21494,52611,-39546.5553855896,"Zeulner Emmi","CSU","47,80",0,"Moritz Simon Bodo","SPD","16,20",0,"https://www.fraenkischertag.de/person/simon-moritz/","1.2.2023 14:46:00",0,0
241,"Ansbach","Bayern",14,0.117555551230907,30361.6424026489,0.223054781556129,72212.856388092,243760,185955,183903,184418,0,33755,11179,13946,81431,7661,19396,105.6,24.7,81431,33755,47676,-17314.3575973511,"Auernhammer Artur","CSU","38,40",0,"Scheuenstuhl Harry Herbert","SPD","17,70",0,"https://www.bayern.landtag.de/abgeordnete/abgeordnete-von-a-z/profil/harry-scheuenstuhl/","1.2.2023 14:47:00",0,0
242,"Erlangen","Bayern",14,0.122520633041859,24764.0499916077,0.238180130720139,62231.4344406128,186411,152568,151639,151854,0,31649,8892,16586,64783,8977,12211,356.8,40.5,64783,31649,33134,-8369.95000839234,"Müller Stefan","CSU","35,10",0,"Stamm-Fibich Marti Margarete","SPD","20,70",0,"","",0,0
243,"Fürth","Bayern",14,0.148021832108498,38583.6867752075,0.258700340986252,85337.1639556885,249810,194222,192548,192862,0,44371,13052,18681,76543,10354,20427,218.1,29.9,76543,44371,32172,6411.68677520752,"Winkler Tobias","CSU","33,50",0,"Träger Carsten Dietmar","SPD","24,00",0,"","",1,0
244,"Nürnberg-Nord","Bayern",14,0.225792098797671,40075.4248803595,0.454613767819063,120619.932239695,192214,146205,144923,145303,0,37068,14511,18463,45340,10379,13398,3385.6,28.8,45340,37068,8272,31803.4248803595,"Brehm Sebastian","CSU","28,50",0,"Ganserer Markus ","Grüne","22,60",0,"","",1,0
245,"Nürnberg-Süd","Bayern",14,0.100166213064455,37519.3164297601,0.195006911890087,107734.817497091,181809,132085,130675,130978,0,34621,10772,10163,46511,7632,17270,1901.3,29.8,46511,34621,11890,25629.3164297601,"Frieser Michael","CSU","34,40",0,"Grämmer Thomas Robert","SPD","24,20",0,"https://thomas-graemmer.spd.de/ueber-mich/","1.2.2023 14:48:00",1,0
246,"Roth","Bayern",14,0.0559024922549725,13208.1494903564,0.14109280705452,41104.3554992676,227560,185895,184186,184554,0,37920,8887,14465,81874,8583,18925,175.6,27.1,81874,37920,43954,-30745.8505096436,"Edelhäußer Ralph","CSU","38,00",0,"Plobner Jan Heinz Stefan","SPD","16,90",0,"","",0,0
247,"Aschaffenburg","Bayern",14,0.106347449123859,20489.7515487671,0.225326359272003,55361.1108913422,183362,144938,142890,143430,0,23660,6833,13144,68708,11381,14985,322.1,27.7,68708,23660,45048,-24558.2484512329,"Lindholz Andrea","CSU","40,70",0,"Wüst Tobias Rainer","SPD","17,10",0,"https://tobias-wuest.spd.de/ueber-mich/","1.2.2023 14:50:00",0,0
248,"Bad Kissingen","Bayern",14,0.0957709923386574,21447.1166038513,0.156906887888908,41981.162902832,216030,171202,169407,169902,0,32383,9071,11980,86603,9534,17753,85.8,25.7,86603,32383,54220,-32772.8833961487,"Bär Dorothee ","CSU","39,10",0,"Dittmar Sabine","SPD","19,00",0,"","",0,0
249,"Main-Spessart","Bayern",14,0.0934183448553085,19414.5292663574,0.190254509449005,49051.3218269348,196183,157206,155377,155968,0,35148,7515,11050,72406,7708,14075,125.1,26.2,72406,35148,37258,-17843.4707336426,"Hoffmann Alexander","CSU","38,60",0,"Rützel Bernd Ferdind","SPD","21,50",0,"","",0,0
250,"Schweinfurt","Bayern",14,0.124649457633495,26053.6762123108,0.205384224653244,53098.3443756104,199041,156159,154269,154941,0,26346,12091,11466,73901,9506,17198,166.6,29.7,73901,26346,47555,-21501.3237876892,"Dr Weisgerber Anja","CSU","40,90",0,"Hümpfer Markus Klaus","SPD","18,60",0,"","",0,0
251,"Würzburg","Bayern",14,0.108743622899055,26153.815196991,0.206883475184441,60869.2429389954,225998,182961,181297,181907,0,33929,10130,25359,76515,14592,13872,274.9,32.5,76515,33929,42586,-16432.184803009,"Lehrieder Paul Alois","CSU","36,90",0,"Hansen Johannes Sebastian","Grüne","19,80",0,"https://seb-hansen.de/ueber-mich","1.2.2023 14:50:00",0,0
252,"Augsburg-Stadt","Bayern",14,0.274849325418472,62766.4399261475,0.4570332467556,150450.51991272,210528,153228,151642,152054,0,29285,12850,21062,52769,9191,20170,1964.4,31.7,52769,29285,23484,39282.4399261475,"Dr Ullrich Volker Michael","CSU","28,10",0,"Roth Claudia Benedikta","Grüne","20,60",0,"","",1,0
253,"Augsburg-Land","Bayern",14,0.109883911907673,28046.2094535828,0.201756477355957,65224.4013786316,245699,196554,194762,195341,0,27551,7165,14638,92942,11864,24056,217.1,20,92942,27551,65391,-37344.7905464172,"Durz Hansjörg","CSU","40,60",0,"Heubach Heike","SPD","14,50",NA,"","",0,NA
254,"Donau-Ries","Bayern",14,0.09693942964077,19892.0294723511,0.191379770636559,49195.2392349243,193895,150348,148957,149330,0,26824,6264,9607,70080,7433,19022,109.2,23.4,70080,26824,43256,-23363.9705276489,"Lange Ulrich","CSU","41,10",0,"Schmid Christoph Florian","SPD","19,20",0,"","",0,0
255,"Neu-Ulm","Bayern",14,0.117632851004601,28409.7230682373,0.269030839204788,88389.5005760193,239647,182045,180376,180775,0,26419,7855,16519,80503,10780,24612,200.4,26.1,80503,26419,54084,-25674.2769317627,"Engelhard Alexander","CSU","37,20",0,"Dr Brunner Karl Heinz","SPD","16,00",0,"","",0,0
256,"Oberallgäu","Bayern",14,0.0973475575447082,23347.6797027588,0.22047033905983,69111.0316848755,226604,176437,175197,175345,0,21451,8264,16162,88357,12262,16825,160.4,23.6,88357,21451,66906,-43558.3202972412,"Wittmann Mechthilde","CSU","29,70",0,"Holderied Martin Basil","SPD","15,80",NA,"","",0,NA
257,"Ostallgäu","Bayern",14,0.0800765976309776,21628.2589035034,0.173815563321114,58307.575920105,247539,191581,189889,190169,0,21610,10153,16537,93430,10627,24018,145.9,24.8,93430,24018,69412,-47783.7410964966,"Stracke Stephan","CSU","38,80",0,"Leenders Regina","SPD","12,30",NA,"","",0,NA
258,"Stuttgart I","Baden-Württemberg",15,0.174398784426818,34794.6412472321,0.387329282197866,122073.220055347,194368,160834,159677,159985,51118,20512,10409,47430,0,13399,10646,2732.3,42.2,51118,47430,3688,31106.6412472321,"Özdemir Cem","Grüne","39,90",1,"Dr Kaufmann Stefan","CDU","23,40",0,"","",1,1
259,"Stuttgart II","Baden-Württemberg",15,0.218590331611894,45617.9555583404,0.485476068637144,160045.642884487,182501,139180,137837,138027,46166,25469,12321,21850,0,11903,14345,3474.2,42.2,46166,25469,20697,24920.9555583404,"Mörseburg Maximilian Rick","CDU","25,90",0,"Dr Christmann An Maria","Grüne","23,70",0,"","",1,0
260,"Böblingen","Baden-Württemberg",15,0.188310846686363,48082.0843849182,0.363463878631592,132941.681062698,245678,196557,194286,194900,75323,38053,9715,23206,0,24867,21842,657,30,75323,38053,37270,10812.0843849182,"Biadacz Marc Josef","CDU","29,70",0,"Hostert Jasmi","SPD","21,10",1,"","",1,1
261,"Esslingen","Baden-Württemberg",15,0.180533662438393,30980.6463012695,0.379833817481995,95340.9007759094,168715,135479,134118,134385,53665,25697,7853,20501,0,11657,14390,1205.7,34.1,53665,25697,27968,3012.64630126953,"Grübler Markus","CDU","32,00",0,"Paraschaki Argyri","SPD","21,80",1,"","",1,1
262,"Nürtingen","Baden-Württemberg",15,0.144295498728752,31499.5354614258,0.305715411901474,90826.5885047913,207044,168052,166287,166609,65566,31655,7978,24540,0,16390,19833,642.2,33.9,65566,31655,33911,-2411.46453857422,"Hennrich Michael","CDU","30,10",0,"Dr Schmid Nils Hermann","SPD","21,00",0,"","",0,0
263,"Göppingen","Baden-Württemberg",15,0.18039833009243,33540.756351471,0.354002833366394,92112.2878856659,178409,137585,135470,135948,50892,29730,5994,16420,0,12492,19588,401.9,26.8,50892,29730,21162,12378.7563514709,"Färber Hermann ","CDU","31,00",0,"Baehrens Heike Charlotte","SPD","23,70",0,"","",1,0
264,"Waiblingen","Baden-Württemberg",15,0.172994166612625,39879.1187477112,0.335647821426392,106850.621803284,222891,178340,176407,176893,64958,33898,8626,21542,0,23568,21863,628.1,26.8,64958,33898,31060,8819.11874771118,"Stumpp Christi Daniela","CDU","29,00",0,"Abelein Urs Jakob","SPD","22,70",0,"https://urs-abelein.spd.de/ueber-mich/","1.2.2023 15:09:00",1,0
265,"Ludwigsburg","Baden-Württemberg",15,0.186316460371017,42346.6102905273,0.372573435306549,122986.485902786,218074,175304,173535,173987,66430,30971,9487,24702,0,17691,20157,914.1,31.5,66430,30971,35459,6887.61029052734,"Bilger Steffen Rudi","CDU","29,50",0,"Dr Detzer Sandra","Grüne","20,30",0,"","",1,0
266,"Neckar-Zaber","Baden-Württemberg",15,0.159881100058556,36953.5438156128,0.33762139081955,110382.009780884,229280,186362,184382,184837,73689,36327,8453,23092,0,16191,23215,516.3,29.3,73689,36327,37362,-408.456184387207,"Gramling Fabian Benedikt Meinrad","CDU","30,40",0,"Utz Thomas","SPD","22,50",NA,"","",0.0662,NA
267,"Heilbronn","Baden-Württemberg",15,0.206456005573273,54567.9390888214,0.3682481944561,135095.95328331,242553,185705,183110,183286,64591,42455,8448,14920,0,17566,28575,400.1,26,64591,42455,22136,32431.9390888214,"Throm Alexander Richard","CDU","27,80",0,"Juratovic Josip","SPD","24,30",1,"","",1,1
268,"Schwäbisch Hall – Hohenlohe","Baden-Württemberg",15,0.187711998820305,43818.880027771,0.301798105239868,91752.0252628326,225785,171760,169860,169795,68717,31406,7314,21468,0,14252,22894,136.9,22.4,68717,31406,37311,6507.880027771,"Freiherr von Stetten Christian Alexander ","CDU","32,10",1,"Leiser Kevin","SPD","19,60",0,"","",1,1
269,"Backnang – Schwäbisch Gmünd","Baden-Württemberg",15,0.157207667827606,29040.1756248474,0.2861647605896,69254.4687652588,176968,136717,134801,135311,55595,26971,7581,15216,0,10882,17788,293.5,28.6,55595,26971,28624,416.175624847408,"Dr Gräßle Ingeborg Gabriele","CDU","30,50",0,"Schwab Tim-Luka","SPD","24,40",0,"https://www.bkz.de/nachrichten/hoch-motiviert-trotz-letztem-listenplatz-105579.html","1.2.2023 15:13:00",0.9491,0
270,"Aalen – Heidenheim","Baden-Württemberg",15,0.181924507021904,43411.8846321106,0.28208190202713,86406.4732761383,221853,170191,167586,168216,77752,35164,8678,16123,0,10218,18447,185.7,29.9,77752,35164,42588,823.884632110603,"Kiesewetter Roderich","CDU","37,00",0,"Breymaier Leni","SPD","21,90",0,"","",0.9958,0
271,"Karlsruhe-Stadt","Baden-Württemberg",15,0.195639282464981,44667.64793396,0.36524909734726,115210.01424408,208868,162139,160506,160911,45821,37924,12155,28268,0,13829,16073,1799.4,42.3,45821,37924,7897,36770.64793396,"Mayer Zoe","Grüne","30,00",0,"Marvi Parsa","SPD","21,30",1,"","",1,1
272,"Karlsruhe-Land","Baden-Württemberg",15,0.143150329589844,32341.4722442627,0.282949090003967,84051.0188980103,209741,168801,166740,167126,67396,32886,7627,19076,0,15138,19512,399.6,26.3,67396,32886,34510,-2168.52775573731,"Zippelius Nicolas Benjamin","CDU","30,40",0,"Diebold Patrick Michael","SPD","22,80",NA,"","",0,NA
273,"Rastatt","Baden-Württemberg",15,0.176493555307388,37516.3967056274,0.312991499900818,88487.6044692993,206484,157208,154890,155248,68259,29486,7123,16954,0,11150,18849,326.2,26.7,68259,29486,38773,-1256.60329437256,"Whittaker Kai Thorsten","CDU","33,20",1,"Katzmarek Gabriele","SPD","22,70",0,"","",0,1
274,"Heidelberg","Baden-Württemberg",15,0.140673741698265,34785.0249252319,0.278427004814148,90569.7555046082,217934,179138,177570,177832,58019,46219,10751,29664,0,11769,15803,1062.7,43.8,58019,46219,11800,22985.0249252319,"Dr Brantner Franziska Kathari","Grüne","30,20",0,"Föhr Alexander Paul","CDU","24,10",0,"https://de.wikipedia.org/wiki/Alexander_F%C3%B6hr","1.2.2023 15:16:00",1,0
275,"Mannheim","Baden-Württemberg",15,0.195524260401726,40662.2361717224,0.414343506097794,128744.700609207,197289,144078,142574,142723,41812,39795,10493,18739,0,9835,17833,2142.9,37.7,41812,39795,2017,38645.2361717224,"Cademartori Dujisin Isabel Andrea","SPD","26,40",1,"Sekmen Melis","Grüne","22,50",1,"","",1,2
276,"Odenwald – Tauber","Baden-Württemberg",15,0.15226086974144,33817.022441864,0.237320348620415,64875.708152771,210876,163339,161223,161225,75531,30849,8422,11090,0,11419,21849,113.6,27.5,75531,30849,44682,-10864.977558136,"Warken Ni Ingrid","CDU","35,80",0,"Lotz Anja","SPD","20,60",0,"https://www.anja-lotz-spd.de/ueber-mich/","1.2.2023 15:17:00",0,0
277,"Rhein-Neckar","Baden-Württemberg",15,0.135141298174858,27841.6400299072,0.269601196050644,73873.7473678589,198251,156402,154416,154654,57788,36886,8010,14792,0,12571,20177,374,34,57788,36886,20902,6939.64002990723,"Oppelt Moritz Paul Georg","CDU","28,50",0,"Dr Castelucci Lars ","SPD","27,00",1,"","",1,1
278,"Bruchsal – Schwetzingen","Baden-Württemberg",15,0.155426502227783,31020.1020812988,0.279240638017654,71848.3829727173,196426,154622,152358,152690,63166,29684,7016,12641,0,10255,21960,537.2,29.3,63166,29684,33482,-2461.89791870117,"Gutting Olav Steffen","CDU","29,60",0,"Yildirim Nezaket","SPD","21,90",1,"","",0,1
279,"Pforzheim","Baden-Württemberg",15,0.20889787375927,47011.780921936,0.394812762737274,127348.491601944,219577,167977,165973,166080,60476,31611,7730,16016,0,19760,26172,484.7,28.6,60476,31611,28865,18146.780921936,"Krichbaum Gunther","CDU","28,50",0,"Mast Katja Wilma","SPD","20,90",0,"","",1,0
280,"Calw","Baden-Württemberg",15,0.165265932679176,32018.6108169556,0.341479629278183,93543.4220619202,198021,153463,151724,151605,65676,25601,6832,13284,0,14154,21431,166.4,22.8,65676,25601,40075,-8056.38918304443,"Mack Klaus","CDU","33,80",0,"Esken Saskia Christi","SPD","17,20",0,"","",0,0
281,"Freiburg","Baden-Württemberg",15,0.141263350844383,32786.8649749756,0.311900854110718,100001.997909546,222308,180854,179374,179535,50256,40647,13172,46115,0,9546,12984,708.4,43.5,50256,46115,4141,28645.8649749756,"Kopf Chantal Johan Siglinde","Grüne","28,80",0,"Söhne Julia Sophie","SPD","26,30",0,"https://www.julia-soehne.de/ueber-mich/","1.2.2023 15:20:00",0,0
282,"Lörrach – Müllheim","Baden-Württemberg",15,0.162500366568565,40176.9778251648,0.30488246679306,101696.357006073,232208,177399,175517,175704,69148,36986,8854,26244,0,15271,16854,280.7,31.5,69148,36986,32162,8014.9778251648,"Stöcker Dia Iris","CDU","25,20",0,"Mehmet Ali Takis","SPD","21,80",1,"","",1,1
283,"Emmendingen – Lahr","Baden-Württemberg",15,0.124998159706593,29539.443862915,0.220257773995399,66781.7682266235,218287,168468,166356,166444,62476,39472,8691,18537,0,14275,18027,247.6,25.2,62476,39472,23004,6535.44386291504,"Bury Yannick","CDU","27,80",0,"Dr Fechner Johannes","SPD","27,80",0,"","",1,0
284,"Offenburg","Baden-Württemberg",15,0.153065532445908,31957.0629768372,0.252585381269455,66072.6455936432,205551,155724,153606,153649,73935,26532,8264,19383,0,9593,15899,254.4,28.7,73935,26532,47403,-15445.9370231628,"Dr Schäuble Wolfgang","CDU","34,90",0,"Katsch Matthias","SPD","18,70",0,"https://de.wikipedia.org/wiki/Matthias_Katsch","1.2.2023 15:22:00",0,0
285,"Rottweil – Tuttlingen","Baden-Württemberg",15,0.170756712555885,35886.3213996887,0.304774403572083,85069.3675689697,199227,152001,150030,150050,64558,23855,5825,14299,0,16255,19543,186.6,25.6,64558,23855,40703,-4816.67860031128,"Weiss Maria-Le","CDU","31,50",0,"Dr Anton Andreas","FDP","16,80",0,"https://de.wikipedia.org/wiki/Andreas_Anton","1.2.2023 15:22:00",0,0
286,"Schwarzwald-Baar","Baden-Württemberg",15,0.16438190639019,27921.1641845703,0.332642465829849,78714.1204147339,165041,125344,123690,123729,58149,20672,5347,12085,0,10438,14069,184.2,24.3,58149,20672,37477,-9555.83581542969,"Frei Thorsten","CDU","36,40",0,"Türk-chbaur Deya","SPD","18,10",1,"","",0,1
287,"Konstanz","Baden-Württemberg",15,0.146776765584946,30825.1243591309,0.305817544460297,87977.2365875244,205135,158861,157109,157383,70355,26396,11003,21052,0,11425,15006,350,30.5,70355,26396,43959,-13133.8756408691,"Jung Andreas","CDU","34,10",0,"Dr Seitzl Li","SPD","20,10",0,"","",0,0
288,"Waldshut","Baden-Württemberg",15,0.119403332471848,21340.5031661987,0.267416805028915,64966.331911087,177806,136595,135059,135129,56528,32522,6767,16030,0,8402,12388,134.1,24.1,56528,32522,24006,-2665.49683380127,"Schreiner Felix","CDU","33,60",0,"Schwarzelühr-Sutter Rita Berta","SPD","25,50",0,"","",0,0
289,"Reutlingen","Baden-Württemberg",15,0.189871534705162,38659.5356559753,0.352343887090683,100654.069278717,199934,157642,155803,156059,63494,23397,9711,22309,0,15533,18702,262.7,29.9,63494,23397,40097,-1437.46434402466,"Donth Michael","CDU","32,50",0,"Dr Bausch Ulrich","SPD","17,90",0,"https://de.wikipedia.org/wiki/Ulrich_Bausch","1.2.2023 15:23:00",0,0
290,"Tübingen","Baden-Württemberg",15,0.1556266695261,32346.060585022,0.280002176761627,77212.3795280457,196488,159801,158186,158410,56446,27325,13862,30197,0,12504,13684,353,37.5,56446,30197,26249,6097.06058502197,"Widmann-Mauz Annette","CDU","28,00",0,"Kühn Christian","Grüne","26,70",0,"","",1,0
291,"Ulm","Baden-Württemberg",15,0.15131551027298,35886.1661643982,0.310744404792786,99962.744304657,222673,177460,175444,175863,74849,35456,8105,20990,0,14173,18734,219.2,30.7,74849,35456,39393,-3506.83383560181,"Kemmer Ronja Helene","CDU","32,70",0,"Emmerich Marcel","Grüne","18,80",0,"","",0,0
292,"Biberach","Baden-Württemberg",15,0.140906482934952,24337.8283653259,0.246875092387199,55444.3421096802,167025,131693,130082,130275,57837,22034,4907,17589,0,9775,14640,131.9,22.5,57837,22034,35803,-11465.1716346741,"Rief josef","CDU","35,10",0,"Gerster Martin","SPD","18,60",0,"","",0,0
293,"Bodensee","Baden-Württemberg",15,0.128263771533966,22942.3168735504,0.25597220659256,60042.0693683624,172782,137146,135794,135951,56165,24451,7185,18811,0,11999,14079,277.9,28.2,56165,24451,31714,-8771.68312644959,"Mayer-Lay Volker","CDU","30,40",0,"Hanhn Leon Maria Michael","SPD","20,80",0,"https://www.abgeordnetenwatch.de/profile/leon-hahn","1.2.2023 15:24:00",0,0
294,"Ravensburg","Baden-Württemberg",15,0.143431589007378,27760.1190834045,0.258949130773544,65018.8710632324,186958,146174,144657,144787,55758,17958,7860,29216,0,14672,13668,198.1,25.9,55758,29216,26542,1218.11908340454,"Müller Axel Karl","CDU","30,60",0,"Brugger Agniezka","Grüne","21,10",1,"","",1,1
295,"Zollernalb – Sigmaringen","Baden-Württemberg",15,0.152659446001053,29983.1697406769,0.285604357719421,74098.4836235046,183588,139548,137194,137727,61694,19716,6450,17489,0,12695,18609,150.2,23.6,61694,19716,41978,-11994.8302593231,"Bareiß Thomas ","CDU","30,10",0,"Mesarosch Robin","SPD","18,30",1,"","",0,1
296,"Saarbrücken","Saarland",16,0.115453653037548,23189.695224762,0.277443379163742,73845.9240398407,199885,147602,145298,145430,45664,46688,19262,8782,0,7672,12950,833.3,36,46688,45664,1024,22165.695224762,"Ortleb Josephine Loulou","SPD","36,90",0,"Kramp-Karrenbauer Annegret","CDU","25,10",0,"","",1,0
297,"Saarlouis","Saarland",16,0.0792155563831329,16409.0104484558,0.20638282597065,54365.5697937012,207501,160430,158015,157605,60102,50672,17142,5532,0,6069,14224,293.8,35.2,60102,50672,9430,6979.01044845581,"Maas Heiko","SPD","36,70",0,"Altmaier Peter","CDU","28,00",0,"","",1,0
298,"St. Wendel","Saarland",16,0.0759821087121964,13618.4152946472,0.133826822042465,28364.8430519104,177468,141387,138769,138698,57987,42129,13584,4674,0,6517,11646,265.1,30.9,57987,42129,15858,-2239.58470535278,"Petry Christian","SPD","35,10",0,"Schön dine","CDU","32,10",0,"","",0,0
299,"Homburg","Saarland",16,0.129395961761475,25121.1471862793,0.230337902903557,55959.0243721008,192410,145992,143321,143525,48102,45022,15724,7128,0,7369,15767,437.1,34.8,48102,45022,3080,22041.1471862793,"Limbacher Esra-Leon Ruben","SPD","36,60",0,"Uhl Markus Alexander","CDU","26,10",0,"","",1,0
